episode,total_reward,fidelity,log_infidelity,avg_fidelity,pulse_params,time_step
0,-1.0154927198353823,0.322810827232454,0.16928999422066213,0.5485405514883027,"{'omega': -2.0, 'delta': 2.0}",19
1,3.7242762410133454,0.7078690418242202,0.5344224168282989,0.8052460278828134,"{'omega': 0.0, 'delta': -2.0}",10
2,3.72234074313445,0.47012005290930425,0.275822515723725,0.6467467019395362,"{'omega': 2.0, 'delta': 2.0}",10
3,18.385071587024044,0.999946697539036,4.273252739220673,0.9999644650260239,"{'omega': 0.0, 'delta': 2.0}",2
4,4.310760841080424,0.6937822227239747,0.5139696002191743,0.7958548151493164,"{'omega': -2.0, 'delta': 0.0}",10
5,6.526140160747351,0.37011416341688425,0.20073815695089417,0.5800761089445895,"{'omega': 0.0, 'delta': -2.0}",10
6,1.7832022427384988,0.4697347803923337,0.2755068575652552,0.6464898535948892,"{'omega': 2.0, 'delta': 0.0}",10
7,1.6792223914784208,0.27630168996837756,0.14044244153008562,0.5175344599789183,"{'omega': -2.0, 'delta': 0.0}",10
8,1.318308318336077,0.5687535274672683,0.36527444430321476,0.7125023516448454,"{'omega': 0.0, 'delta': 2.0}",10
9,18.385071587024044,0.999946697539036,4.273252739220673,0.9999644650260239,"{'omega': 0.0, 'delta': 2.0}",2
10,3.3872027554574085,0.8170567155613351,0.7376835281547484,0.8780378103742233,"{'omega': 0.0, 'delta': 2.0}",10
11,2.6591613517584998,0.8485374438873124,0.8196947182081702,0.8990249625915417,"{'omega': -2.0, 'delta': 0.0}",10
12,2.003266944057791,0.4203092803448119,0.23680365225093508,0.6135395202298746,"{'omega': 0.0, 'delta': 2.0}",10
13,2.5599085308762852,0.28364856921204773,0.14487386734539498,0.5224323794746984,"{'omega': 2.0, 'delta': -2.0}",10
14,1.0254019154533234,0.24662595823418418,0.122989347913059,0.49775063882278947,"{'omega': -2.0, 'delta': 2.0}",10
15,2.1824990122258763,0.5849676941663758,0.3819180967837875,0.7233117961109171,"{'omega': 0.0, 'delta': 0.0}",10
16,3.3583236642480663,0.9868393816983076,1.8807237065651312,0.9912262544655385,"{'omega': 0.0, 'delta': 2.0}",10
17,1.838794616797457,0.10193290643363935,0.04669121647616165,0.4012886042890929,"{'omega': 2.0, 'delta': -2.0}",10
18,4.280555869018043,0.9609594699226057,1.4084842942808464,0.9739729799484037,"{'omega': 0.0, 'delta': 2.0}",10
19,3.3552698845064284,0.7009568205981821,0.5242660985584582,0.800637880398788,"{'omega': 0.0, 'delta': 2.0}",10
20,3.0804384254893074,0.4898561161716296,0.292307315785118,0.659904077447753,"{'omega': 0.0, 'delta': 0.0}",10
21,4.424628006204315,0.5260367941251249,0.32425537162916807,0.68402452941675,"{'omega': 2.0, 'delta': 0.0}",10
22,2.082000880205018,0.3272747741150408,0.17216228681514326,0.5515165160766938,"{'omega': -2.0, 'delta': 0.0}",10
23,3.1922994427419247,0.16378221499800802,0.07768059994503075,0.4425214766653387,"{'omega': -2.0, 'delta': -2.0}",10
24,5.557597941179223,0.9253024768614821,1.1266937985207197,0.9502016512409881,"{'omega': 2.0, 'delta': 0.0}",10
25,4.039630782288858,0.6549407187165183,0.46210628660027797,0.7699604791443454,"{'omega': 0.0, 'delta': 0.0}",10
26,2.5219640440289273,0.8471109257920354,0.8156235491248405,0.8980739505280235,"{'omega': 2.0, 'delta': 2.0}",10
27,4.393493791177511,0.9583498558783381,1.3803834914688575,0.9722332372522254,"{'omega': 0.0, 'delta': 2.0}",10
28,3.197803059584783,0.8521417080254599,0.8301543149808971,0.9014278053503065,"{'omega': -2.0, 'delta': -2.0}",10
29,1.4802797240715182,0.48542234643158333,0.2885490777110795,0.6569482309543889,"{'omega': 0.0, 'delta': -2.0}",10
30,4.148595841767409,0.9588182499951341,1.3852952021252727,0.9725454999967561,"{'omega': 0.0, 'delta': 2.0}",10
31,3.3579141424831023,0.4821963004333484,0.28583485097406586,0.6547975336222323,"{'omega': 2.0, 'delta': 2.0}",10
32,3.9035278564659635,0.3085924683428817,0.16026589390077084,0.5390616455619212,"{'omega': 0.0, 'delta': -2.0}",10
33,1.7474864071625453,0.21912777982870976,0.10742002708903778,0.4794185198858065,"{'omega': 2.0, 'delta': 2.0}",10
34,3.923924753129712,0.9512876267015037,1.3123607108032658,0.9675250844676692,"{'omega': 0.0, 'delta': 2.0}",10
35,3.4201175093048293,0.923564299781516,1.1167037515477936,0.9490428665210106,"{'omega': 0.0, 'delta': 2.0}",10
36,1.4986320424967257,0.6467986705231353,0.4519776703736891,0.7645324470154234,"{'omega': -2.0, 'delta': 2.0}",10
37,3.5357080564106833,0.8423796648478454,0.8023877533778272,0.8949197765652303,"{'omega': -2.0, 'delta': 0.0}",10
38,14.05943545765439,0.9998435011251025,3.8054887803382536,0.9998956674167351,"{'omega': 0.0, 'delta': 2.0}",4
39,5.341072701883768,0.2778671763529292,0.1413829142425056,0.5185781175686195,"{'omega': -2.0, 'delta': 2.0}",10
40,3.8534106236597876,0.7889648515510889,0.6756452058106251,0.8593099010340591,"{'omega': 0.0, 'delta': -2.0}",10
41,3.9486536339536515,0.8382988298220931,0.791286837236648,0.8921992198813955,"{'omega': -2.0, 'delta': -2.0}",10
42,4.021602179133948,0.828022184833449,0.7645275726980035,0.8853481232222994,"{'omega': -2.0, 'delta': 2.0}",10
43,1.7943115611712712,0.7060872692942086,0.5317816022379225,0.8040581795294724,"{'omega': 2.0, 'delta': 2.0}",10
44,4.932758200184938,0.9557528282691556,1.3541144840835158,0.9705018855127704,"{'omega': 0.0, 'delta': 2.0}",10
45,4.427673881279865,0.861255403499252,0.8577839217591932,0.9075036023328348,"{'omega': -2.0, 'delta': 2.0}",10
46,3.3564972942720055,0.659025302213073,0.46727784687030405,0.7726835348087153,"{'omega': 0.0, 'delta': 0.0}",10
47,18.385071587024044,0.999946697539036,4.273252739220673,0.9999644650260239,"{'omega': 0.0, 'delta': 2.0}",2
48,16.855771536126227,0.999946697539036,4.273252739220673,0.9999644650260239,"{'omega': 0.0, 'delta': 2.0}",3
49,5.240259546240957,0.4267648702583886,0.24166720245921175,0.6178432468389258,"{'omega': 2.0, 'delta': 0.0}",10
50,18.385071587024044,0.999946697539036,4.273252739220673,0.9999644650260239,"{'omega': 0.0, 'delta': 2.0}",2
51,4.50897746012191,0.6763773958085131,0.4899611516679818,0.7842515972056754,"{'omega': 0.0, 'delta': 2.0}",10
52,2.095009676592174,0.048827963153083166,0.02174092586370347,0.3658853087687221,"{'omega': 0.0, 'delta': 0.0}",10
53,4.783748431769026,0.6472084163006525,0.45248178407460077,0.7648056108671017,"{'omega': 2.0, 'delta': 0.0}",10
54,12.654767731766485,0.999946697539036,4.273252739220673,0.9999644650260239,"{'omega': 0.0, 'delta': 2.0}",6
55,1.8694590269833395,0.05632782436793293,0.025178850024685673,0.37088521624528864,"{'omega': -2.0, 'delta': -2.0}",10
56,6.649708547326439,0.8288848964406068,0.7667116555494373,0.8859232642937379,"{'omega': -2.0, 'delta': 2.0}",10
57,2.2029785794969285,0.8184806767523193,0.7410771362854484,0.8789871178348795,"{'omega': 2.0, 'delta': 0.0}",10
58,18.385071587024044,0.999946697539036,4.273252739220673,0.9999644650260239,"{'omega': 0.0, 'delta': 2.0}",2
59,2.0451700234824806,0.9267726802417959,1.1353268614732037,0.9511817868278639,"{'omega': 0.0, 'delta': 0.0}",10
60,3.0094959832845585,0.3061361780353486,0.1587257560184664,0.5374241186902324,"{'omega': -2.0, 'delta': 0.0}",10
61,5.066864169525666,0.5083729266825685,0.3083642090471426,0.672248617788379,"{'omega': 2.0, 'delta': -2.0}",10
62,1.7214601630908417,0.09616103283073928,0.04390893888247259,0.3974406885538262,"{'omega': -2.0, 'delta': 0.0}",10
63,2.933004604723728,0.19021810600011296,0.09163193789589177,0.46014540400007525,"{'omega': 2.0, 'delta': 2.0}",10
64,6.272943222945591,0.8073622527483594,0.7152586091281568,0.871574835165573,"{'omega': 2.0, 'delta': 2.0}",10
65,18.385071587024044,0.999946697539036,4.273252739220673,0.9999644650260239,"{'omega': 0.0, 'delta': 2.0}",2
66,3.0705483493436416,0.3810364500707448,0.20833492534286702,0.5873576333804965,"{'omega': 2.0, 'delta': 2.0}",10
67,4.622947413556077,0.9169517486472043,1.0806695075331978,0.9446344990981362,"{'omega': 0.0, 'delta': 0.0}",10
68,4.453663615778343,0.6462079010559179,0.45125187019198737,0.7641386007039452,"{'omega': 0.0, 'delta': 2.0}",10
69,18.385071587024044,0.999946697539036,4.273252739220673,0.9999644650260239,"{'omega': 0.0, 'delta': 2.0}",2
70,18.385071587024044,0.999946697539036,4.273252739220673,0.9999644650260239,"{'omega': 0.0, 'delta': 2.0}",2
71,15.513944981720464,0.999946697539036,4.273252739220673,0.9999644650260239,"{'omega': 0.0, 'delta': 2.0}",4
72,4.754294421980832,0.5264541222941843,0.32463793964002113,0.6843027481961229,"{'omega': -2.0, 'delta': 0.0}",10
73,18.385071587024044,0.999946697539036,4.273252739220673,0.9999644650260239,"{'omega': 0.0, 'delta': 2.0}",2
74,13.39403175832459,0.999946697539036,4.273252739220673,0.9999644650260239,"{'omega': 0.0, 'delta': 2.0}",7
75,5.544603446528285,0.9578624970953348,1.3753312045337416,0.9719083313968898,"{'omega': 0.0, 'delta': 2.0}",10
76,3.5340662311097772,0.5956853186705114,0.3932804884347635,0.7304568791136742,"{'omega': 0.0, 'delta': 2.0}",10
77,3.1878809327425497,0.8505716862734728,0.8255671044607318,0.9003811241823151,"{'omega': 0.0, 'delta': 2.0}",10
78,4.985260922387265,0.3147961604510271,0.16418021212471157,0.5431974403006847,"{'omega': 0.0, 'delta': 2.0}",10
79,2.275922702123278,0.9429677851630508,1.243879762330594,0.9619785234420339,"{'omega': 0.0, 'delta': 2.0}",10
80,18.385071587024044,0.999946697539036,4.273252739220673,0.9999644650260239,"{'omega': 0.0, 'delta': 2.0}",2
81,3.9598706777240094,0.9175356416599427,1.0837337159448253,0.9450237611066284,"{'omega': 2.0, 'delta': 2.0}",10
82,5.658000244519639,0.09919243017995281,0.04536797293981794,0.39946162011996855,"{'omega': -2.0, 'delta': 2.0}",10
83,18.385071587024044,0.999946697539036,4.273252739220673,0.9999644650260239,"{'omega': 0.0, 'delta': 2.0}",2
84,18.385071587024044,0.999946697539036,4.273252739220673,0.9999644650260239,"{'omega': 0.0, 'delta': 2.0}",2
85,16.855771536126227,0.999946697539036,4.273252739220673,0.9999644650260239,"{'omega': 0.0, 'delta': 2.0}",3
86,18.385071587024044,0.999946697539036,4.273252739220673,0.9999644650260239,"{'omega': 0.0, 'delta': 2.0}",2
87,17.396943555317122,0.999946697539036,4.273252739220673,0.9999644650260239,"{'omega': 0.0, 'delta': 2.0}",3
88,3.20198338955379,0.6641480815214718,0.47385216654867757,0.7760987210143145,"{'omega': 0.0, 'delta': 2.0}",10
89,0.7742218791511836,0.0002664269265808329,0.0001157231606121413,0.33351095128438724,"{'omega': -2.0, 'delta': 0.0}",10
90,2.3568385422887714,0.4786270851313784,0.2828515340204589,0.6524180567542522,"{'omega': 2.0, 'delta': 2.0}",10
91,2.5318716093934115,0.8261329903879057,0.7597828153671947,0.8840886602586039,"{'omega': -2.0, 'delta': 0.0}",10
92,2.7136992322713813,0.6843992120353328,0.5008619211524789,0.7895994746902218,"{'omega': 0.0, 'delta': 2.0}",10
93,4.610874936265586,0.612935205150636,0.41221632777159534,0.7419568034337574,"{'omega': -2.0, 'delta': 2.0}",10
94,2.884900018198325,0.9481703744921448,1.2854219291203295,0.9654469163280965,"{'omega': -2.0, 'delta': 0.0}",10
95,4.700153634377822,0.02341298207220813,0.01028905322391824,0.34894198804813875,"{'omega': 2.0, 'delta': 2.0}",10
96,4.527723041417932,0.6660034469653602,0.47625801524160916,0.7773356313102401,"{'omega': -2.0, 'delta': -2.0}",10
97,4.987861428350628,0.26975511363801996,0.13653147554927783,0.51317007575868,"{'omega': 0.0, 'delta': 2.0}",10
98,18.385071587024044,0.999946697539036,4.273252739220673,0.9999644650260239,"{'omega': 0.0, 'delta': 2.0}",2
99,18.385071587024044,0.999946697539036,4.273252739220673,0.9999644650260239,"{'omega': 0.0, 'delta': 2.0}",2
100,3.747407095368682,0.03971335986018595,0.017599113158404702,0.3598089065734573,"{'omega': 2.0, 'delta': 2.0}",10
101,10.666338705196726,0.999946697539036,4.273252739220673,0.9999644650260239,"{'omega': 0.0, 'delta': 2.0}",7
102,18.385071587024044,0.999946697539036,4.273252739220673,0.9999644650260239,"{'omega': 0.0, 'delta': 2.0}",2
103,5.843938659167493,0.8035682480811444,0.7067883099880592,0.8690454987207629,"{'omega': 0.0, 'delta': 2.0}",10
104,18.385071587024044,0.999946697539036,4.273252739220673,0.9999644650260239,"{'omega': 0.0, 'delta': 2.0}",2
105,18.385071587024044,0.999946697539036,4.273252739220673,0.9999644650260239,"{'omega': 0.0, 'delta': 2.0}",2
106,4.564845179184068,0.12321000843636305,0.057104416242795525,0.4154733389575754,"{'omega': 0.0, 'delta': 2.0}",10
107,18.385071587024044,0.999946697539036,4.273252739220673,0.9999644650260239,"{'omega': 0.0, 'delta': 2.0}",2
108,3.2434289684900355,0.13415601746359945,0.06256035697550529,0.4227706783090663,"{'omega': 0.0, 'delta': 2.0}",10
109,3.184221053180682,0.28570084702066767,0.1461198648644261,0.5238005646804451,"{'omega': 0.0, 'delta': 2.0}",10
110,18.385071587024044,0.999946697539036,4.273252739220673,0.9999644650260239,"{'omega': 0.0, 'delta': 2.0}",2
111,18.385071587024044,0.999946697539036,4.273252739220673,0.9999644650260239,"{'omega': 0.0, 'delta': 2.0}",2
112,15.78421143653593,0.999946697539036,4.273252739220673,0.9999644650260239,"{'omega': 0.0, 'delta': 2.0}",4
113,10.691336990486699,0.999946697539036,4.273252739220673,0.9999644650260239,"{'omega': 0.0, 'delta': 2.0}",6
114,18.385071587024044,0.999946697539036,4.273252739220673,0.9999644650260239,"{'omega': 0.0, 'delta': 2.0}",2
115,4.943113428433921,0.2709719956841869,0.13725578871051514,0.5139813304561246,"{'omega': 2.0, 'delta': 0.0}",10
116,18.385071587024044,0.999946697539036,4.273252739220673,0.9999644650260239,"{'omega': 0.0, 'delta': 2.0}",2
117,18.385071587024044,0.999946697539036,4.273252739220673,0.9999644650260239,"{'omega': 0.0, 'delta': 2.0}",2
118,18.385071587024044,0.999946697539036,4.273252739220673,0.9999644650260239,"{'omega': 0.0, 'delta': 2.0}",2
119,1.9318826303326395,0.039833360320739745,0.017653387363832977,0.35988890688049313,"{'omega': 2.0, 'delta': 0.0}",10
120,1.4946538783138377,0.5658466319565566,0.36235682549006726,0.710564421304371,"{'omega': 2.0, 'delta': 0.0}",10
121,1.1413163016431707,0.11839650516665215,0.05472669686816386,0.4122643367777681,"{'omega': -2.0, 'delta': 0.0}",10
122,18.385071587024044,0.999946697539036,4.273252739220673,0.9999644650260239,"{'omega': 0.0, 'delta': 2.0}",2
123,18.385071587024044,0.999946697539036,4.273252739220673,0.9999644650260239,"{'omega': 0.0, 'delta': 2.0}",2
124,18.385071587024044,0.999946697539036,4.273252739220673,0.9999644650260239,"{'omega': 0.0, 'delta': 2.0}",2
125,18.385071587024044,0.999946697539036,4.273252739220673,0.9999644650260239,"{'omega': 0.0, 'delta': 2.0}",2
126,3.0920059685057915,0.5392160742082434,0.3365026794583315,0.6928107161388288,"{'omega': 2.0, 'delta': 0.0}",10
127,4.850505657077196,0.025344515430872912,0.011148869010223402,0.35022967695391527,"{'omega': -2.0, 'delta': -2.0}",10
128,1.7329811167288118,0.001031597742225358,0.00044824845281073335,0.3340210651614836,"{'omega': -2.0, 'delta': -2.0}",10
129,18.385071587024044,0.999946697539036,4.273252739220673,0.9999644650260239,"{'omega': 0.0, 'delta': 2.0}",2
130,6.617878737186548,0.6696282468575531,0.4809970920380552,0.7797521645717019,"{'omega': 2.0, 'delta': 0.0}",10
131,1.3681572498054133,0.6485185729839984,0.45409761902986095,0.7656790486559989,"{'omega': -2.0, 'delta': 0.0}",10
132,1.3276034128649872,0.011129988277867505,0.0048607932380591665,0.34075332551857834,"{'omega': 2.0, 'delta': 2.0}",10
133,5.834323654921508,0.6608884607656283,0.46965743186582987,0.7739256405104188,"{'omega': 0.0, 'delta': -2.0}",10
134,18.385071587024044,0.999946697539036,4.273252739220673,0.9999644650260239,"{'omega': 0.0, 'delta': 2.0}",2
135,18.385071587024044,0.999946697539036,4.273252739220673,0.9999644650260239,"{'omega': 0.0, 'delta': 2.0}",2
136,18.385071587024044,0.999946697539036,4.273252739220673,0.9999644650260239,"{'omega': 0.0, 'delta': 2.0}",2
137,8.999460789455025,0.999946697539036,4.273252739220673,0.9999644650260239,"{'omega': 0.0, 'delta': 2.0}",7
138,18.385071587024044,0.999946697539036,4.273252739220673,0.9999644650260239,"{'omega': 0.0, 'delta': 2.0}",2
139,4.384539683131872,0.586544276064252,0.38357099126242833,0.7243628507095012,"{'omega': 2.0, 'delta': 0.0}",10
140,18.385071587024044,0.999946697539036,4.273252739220673,0.9999644650260239,"{'omega': 0.0, 'delta': 2.0}",2
141,3.589901619692998,0.5992036578372987,0.3970762506782446,0.732802438558199,"{'omega': -2.0, 'delta': 2.0}",10
142,18.385071587024044,0.999946697539036,4.273252739220673,0.9999644650260239,"{'omega': 0.0, 'delta': 2.0}",2
143,1.1584543377577627,0.005316692012817369,0.0023151699942176975,0.33687779467521156,"{'omega': 0.0, 'delta': -2.0}",10
144,17.396943555317122,0.999946697539036,4.273252739220673,0.9999644650260239,"{'omega': 0.0, 'delta': 2.0}",3
145,18.385071587024044,0.999946697539036,4.273252739220673,0.9999644650260239,"{'omega': 0.0, 'delta': 2.0}",2
146,6.315084061033467,0.47974475517784926,0.2837835328638856,0.6531631701185662,"{'omega': 2.0, 'delta': 0.0}",10
147,14.526606929401675,0.999946697539036,4.273252739220673,0.9999644650260239,"{'omega': 0.0, 'delta': 2.0}",5
148,18.385071587024044,0.999946697539036,4.273252739220673,0.9999644650260239,"{'omega': 0.0, 'delta': 2.0}",2
149,16.855771536126227,0.999946697539036,4.273252739220673,0.9999644650260239,"{'omega': 0.0, 'delta': 2.0}",3
150,17.396943555317122,0.999946697539036,4.273252739220673,0.9999644650260239,"{'omega': 0.0, 'delta': 2.0}",3
151,5.0047893984882394,0.39106047981881625,0.21542583931442538,0.5940403198792108,"{'omega': 2.0, 'delta': 2.0}",10
152,4.253263537465033,0.39848643675943884,0.2207545755159543,0.5989909578396259,"{'omega': -2.0, 'delta': 0.0}",10
153,18.385071587024044,0.999946697539036,4.273252739220673,0.9999644650260239,"{'omega': 0.0, 'delta': 2.0}",2
154,15.78421143653593,0.999946697539036,4.273252739220673,0.9999644650260239,"{'omega': 0.0, 'delta': 2.0}",4
155,18.385071587024044,0.999946697539036,4.273252739220673,0.9999644650260239,"{'omega': 0.0, 'delta': 2.0}",2
156,4.170979161433732,0.4594546039988588,0.2671678273260046,0.6396364026659058,"{'omega': -2.0, 'delta': 0.0}",10
157,18.385071587024044,0.999946697539036,4.273252739220673,0.9999644650260239,"{'omega': 0.0, 'delta': 2.0}",2
158,18.385071587024044,0.999946697539036,4.273252739220673,0.9999644650260239,"{'omega': 0.0, 'delta': 2.0}",2
159,12.051298272633725,0.999946697539036,4.273252739220673,0.9999644650260239,"{'omega': 0.0, 'delta': 2.0}",6
160,5.753994331966939,0.30174211243226284,0.15598414977977315,0.5344947416215086,"{'omega': -2.0, 'delta': 2.0}",10
161,15.70961660249722,0.999946697539036,4.273252739220673,0.9999644650260239,"{'omega': 0.0, 'delta': 2.0}",4
162,14.434363986314448,0.999946697539036,4.273252739220673,0.9999644650260239,"{'omega': 0.0, 'delta': 2.0}",5
163,18.385071587024044,0.999946697539036,4.273252739220673,0.9999644650260239,"{'omega': 0.0, 'delta': 2.0}",2
164,2.52289808891881,0.9130202980011978,1.0605820846046619,0.9420135320007986,"{'omega': 2.0, 'delta': 0.0}",10
165,3.517618156146173,0.03680354183522245,0.016285123057098932,0.35786902789014835,"{'omega': -2.0, 'delta': 2.0}",10
166,18.385071587024044,0.999946697539036,4.273252739220673,0.9999644650260239,"{'omega': 0.0, 'delta': 2.0}",2
167,18.385071587024044,0.999946697539036,4.273252739220673,0.9999644650260239,"{'omega': 0.0, 'delta': 2.0}",2
168,18.385071587024044,0.999946697539036,4.273252739220673,0.9999644650260239,"{'omega': 0.0, 'delta': 2.0}",2
169,18.385071587024044,0.999946697539036,4.273252739220673,0.9999644650260239,"{'omega': 0.0, 'delta': 2.0}",2
170,18.385071587024044,0.999946697539036,4.273252739220673,0.9999644650260239,"{'omega': 0.0, 'delta': 2.0}",2
171,2.463345941021153,0.47931429635289974,0.283424346488725,0.6528761975685998,"{'omega': -2.0, 'delta': 0.0}",10
172,3.4317564211647076,0.2528801971117675,0.12660975218528264,0.5019201314078451,"{'omega': 0.0, 'delta': 0.0}",10
173,18.385071587024044,0.999946697539036,4.273252739220673,0.9999644650260239,"{'omega': 0.0, 'delta': 2.0}",2
174,18.385071587024044,0.999946697539036,4.273252739220673,0.9999644650260239,"{'omega': 0.0, 'delta': 2.0}",2
175,4.8740119827997015,4.0807729156167756e-08,1.7722571970343175e-08,0.3333333605384861,"{'omega': -2.0, 'delta': 2.0}",10
176,15.78421143653593,0.999946697539036,4.273252739220673,0.9999644650260239,"{'omega': 0.0, 'delta': 2.0}",4
177,18.385071587024044,0.999946697539036,4.273252739220673,0.9999644650260239,"{'omega': 0.0, 'delta': 2.0}",2
178,18.385071587024044,0.999946697539036,4.273252739220673,0.9999644650260239,"{'omega': 0.0, 'delta': 2.0}",2
179,16.855771536126227,0.999946697539036,4.273252739220673,0.9999644650260239,"{'omega': 0.0, 'delta': 2.0}",3
180,3.343546085342421,0.8202728660996991,0.7453863513073357,0.8801819107331328,"{'omega': 0.0, 'delta': 0.0}",10
181,18.385071587024044,0.999946697539036,4.273252739220673,0.9999644650260239,"{'omega': 0.0, 'delta': 2.0}",2
182,18.385071587024044,0.999946697539036,4.273252739220673,0.9999644650260239,"{'omega': 0.0, 'delta': 2.0}",2
183,18.385071587024044,0.999946697539036,4.273252739220673,0.9999644650260239,"{'omega': 0.0, 'delta': 2.0}",2
184,3.204481344874569,0.06667518126108381,0.029967185368412957,0.3777834541740559,"{'omega': -2.0, 'delta': 2.0}",10
185,18.385071587024044,0.999946697539036,4.273252739220673,0.9999644650260239,"{'omega': 0.0, 'delta': 2.0}",2
186,18.385071587024044,0.999946697539036,4.273252739220673,0.9999644650260239,"{'omega': 0.0, 'delta': 2.0}",2
187,18.385071587024044,0.999946697539036,4.273252739220673,0.9999644650260239,"{'omega': 0.0, 'delta': 2.0}",2
188,18.385071587024044,0.999946697539036,4.273252739220673,0.9999644650260239,"{'omega': 0.0, 'delta': 2.0}",2
189,18.385071587024044,0.999946697539036,4.273252739220673,0.9999644650260239,"{'omega': 0.0, 'delta': 2.0}",2
190,5.262333947902056,0.001693267902613842,0.000736000205252346,0.33446217860174254,"{'omega': -2.0, 'delta': 2.0}",10
191,18.385071587024044,0.999946697539036,4.273252739220673,0.9999644650260239,"{'omega': 0.0, 'delta': 2.0}",2
192,18.385071587024044,0.999946697539036,4.273252739220673,0.9999644650260239,"{'omega': 0.0, 'delta': 2.0}",2
193,18.385071587024044,0.999946697539036,4.273252739220673,0.9999644650260239,"{'omega': 0.0, 'delta': 2.0}",2
194,18.385071587024044,0.999946697539036,4.273252739220673,0.9999644650260239,"{'omega': 0.0, 'delta': 2.0}",2
195,18.385071587024044,0.999946697539036,4.273252739220673,0.9999644650260239,"{'omega': 0.0, 'delta': 2.0}",2
196,18.385071587024044,0.999946697539036,4.273252739220673,0.9999644650260239,"{'omega': 0.0, 'delta': 2.0}",2
197,4.966886731936415,0.6911071975812523,0.5101922111748813,0.7940714650541683,"{'omega': 2.0, 'delta': -2.0}",10
198,18.385071587024044,0.999946697539036,4.273252739220673,0.9999644650260239,"{'omega': 0.0, 'delta': 2.0}",2
199,18.385071587024044,0.999946697539036,4.273252739220673,0.9999644650260239,"{'omega': 0.0, 'delta': 2.0}",2
200,18.385071587024044,0.999946697539036,4.273252739220673,0.9999644650260239,"{'omega': 0.0, 'delta': 2.0}",2
201,18.385071587024044,0.999946697539036,4.273252739220673,0.9999644650260239,"{'omega': 0.0, 'delta': 2.0}",2
202,18.385071587024044,0.999946697539036,4.273252739220673,0.9999644650260239,"{'omega': 0.0, 'delta': 2.0}",2
203,3.244656097135117,0.07171101110673386,0.03231680099692523,0.38114067407115587,"{'omega': 0.0, 'delta': 2.0}",10
204,18.385071587024044,0.999946697539036,4.273252739220673,0.9999644650260239,"{'omega': 0.0, 'delta': 2.0}",2
205,18.385071587024044,0.999946697539036,4.273252739220673,0.9999644650260239,"{'omega': 0.0, 'delta': 2.0}",2
206,18.385071587024044,0.999946697539036,4.273252739220673,0.9999644650260239,"{'omega': 0.0, 'delta': 2.0}",2
207,6.4991830633507455,0.805413655254703,0.7108876399661612,0.8702757701698021,"{'omega': -2.0, 'delta': 2.0}",10
208,18.385071587024044,0.999946697539036,4.273252739220673,0.9999644650260239,"{'omega': 0.0, 'delta': 2.0}",2
209,4.991321955492975,0.9365404385812869,1.1975029337182879,0.9576936257208578,"{'omega': 2.0, 'delta': 2.0}",10
210,4.855313896013522,0.7385945940592549,0.5826854353248752,0.8257297293728366,"{'omega': 2.0, 'delta': -2.0}",10
211,5.505765507186827,0.8452409837096466,0.8103440394898798,0.8968273224730977,"{'omega': 2.0, 'delta': 0.0}",10
212,18.385071587024044,0.999946697539036,4.273252739220673,0.9999644650260239,"{'omega': 0.0, 'delta': 2.0}",2
213,16.26525323137228,0.999946697539036,4.273252739220673,0.9999644650260239,"{'omega': 0.0, 'delta': 2.0}",4
214,18.385071587024044,0.999946697539036,4.273252739220673,0.9999644650260239,"{'omega': 0.0, 'delta': 2.0}",2
215,18.385071587024044,0.999946697539036,4.273252739220673,0.9999644650260239,"{'omega': 0.0, 'delta': 2.0}",2
216,6.817773147206754,0.9933550119501626,2.177505795743725,0.9955700079667751,"{'omega': -2.0, 'delta': 0.0}",10
217,18.385071587024044,0.999946697539036,4.273252739220673,0.9999644650260239,"{'omega': 0.0, 'delta': 2.0}",2
218,18.385071587024044,0.999946697539036,4.273252739220673,0.9999644650260239,"{'omega': 0.0, 'delta': 2.0}",2
219,18.385071587024044,0.999946697539036,4.273252739220673,0.9999644650260239,"{'omega': 0.0, 'delta': 2.0}",2
220,18.385071587024044,0.999946697539036,4.273252739220673,0.9999644650260239,"{'omega': 0.0, 'delta': 2.0}",2
221,18.385071587024044,0.999946697539036,4.273252739220673,0.9999644650260239,"{'omega': 0.0, 'delta': 2.0}",2
222,18.385071587024044,0.999946697539036,4.273252739220673,0.9999644650260239,"{'omega': 0.0, 'delta': 2.0}",2
223,18.385071587024044,0.999946697539036,4.273252739220673,0.9999644650260239,"{'omega': 0.0, 'delta': 2.0}",2
224,18.385071587024044,0.999946697539036,4.273252739220673,0.9999644650260239,"{'omega': 0.0, 'delta': 2.0}",2
225,2.8079669487050003,0.9481011400911329,1.2848421824352858,0.9654007600607551,"{'omega': 0.0, 'delta': 2.0}",10
226,18.385071587024044,0.999946697539036,4.273252739220673,0.9999644650260239,"{'omega': 0.0, 'delta': 2.0}",2
227,4.393993616992754,0.8928499956006604,0.9700078067909916,0.9285666637337736,"{'omega': -2.0, 'delta': -2.0}",10
228,18.385071587024044,0.999946697539036,4.273252739220673,0.9999644650260239,"{'omega': 0.0, 'delta': 2.0}",2
229,16.018109932285434,0.999946697539036,4.273252739220673,0.9999644650260239,"{'omega': 0.0, 'delta': 2.0}",4
230,18.385071587024044,0.999946697539036,4.273252739220673,0.9999644650260239,"{'omega': 0.0, 'delta': 2.0}",2
231,18.385071587024044,0.999946697539036,4.273252739220673,0.9999644650260239,"{'omega': 0.0, 'delta': 2.0}",2
232,1.2467662015329264,0.0025126758510929732,0.0010926145255865346,0.3350084505673953,"{'omega': 2.0, 'delta': 0.0}",10
233,18.385071587024044,0.999946697539036,4.273252739220673,0.9999644650260239,"{'omega': 0.0, 'delta': 2.0}",2
234,18.385071587024044,0.999946697539036,4.273252739220673,0.9999644650260239,"{'omega': 0.0, 'delta': 2.0}",2
235,18.385071587024044,0.999946697539036,4.273252739220673,0.9999644650260239,"{'omega': 0.0, 'delta': 2.0}",2
236,5.247928667521941,0.9171817668569276,1.0818740390401025,0.9447878445712851,"{'omega': 0.0, 'delta': -2.0}",10
237,18.385071587024044,0.999946697539036,4.273252739220673,0.9999644650260239,"{'omega': 0.0, 'delta': 2.0}",2
238,18.385071587024044,0.999946697539036,4.273252739220673,0.9999644650260239,"{'omega': 0.0, 'delta': 2.0}",2
239,18.385071587024044,0.999946697539036,4.273252739220673,0.9999644650260239,"{'omega': 0.0, 'delta': 2.0}",2
240,4.010254835411152,0.32470090179218764,0.17050383023484852,0.5498006011947917,"{'omega': 0.0, 'delta': 0.0}",10
241,18.385071587024044,0.999946697539036,4.273252739220673,0.9999644650260239,"{'omega': 0.0, 'delta': 2.0}",2
242,18.385071587024044,0.999946697539036,4.273252739220673,0.9999644650260239,"{'omega': 0.0, 'delta': 2.0}",2
243,18.385071587024044,0.999946697539036,4.273252739220673,0.9999644650260239,"{'omega': 0.0, 'delta': 2.0}",2
244,18.385071587024044,0.999946697539036,4.273252739220673,0.9999644650260239,"{'omega': 0.0, 'delta': 2.0}",2
245,12.69853605479063,0.9999466975390358,4.273252739218864,0.9999644650260239,"{'omega': 0.0, 'delta': 2.0}",6
246,18.385071587024044,0.999946697539036,4.273252739220673,0.9999644650260239,"{'omega': 0.0, 'delta': 2.0}",2
247,18.385071587024044,0.999946697539036,4.273252739220673,0.9999644650260239,"{'omega': 0.0, 'delta': 2.0}",2
248,18.385071587024044,0.999946697539036,4.273252739220673,0.9999644650260239,"{'omega': 0.0, 'delta': 2.0}",2
249,18.385071587024044,0.999946697539036,4.273252739220673,0.9999644650260239,"{'omega': 0.0, 'delta': 2.0}",2
250,18.385071587024044,0.999946697539036,4.273252739220673,0.9999644650260239,"{'omega': 0.0, 'delta': 2.0}",2
251,18.385071587024044,0.999946697539036,4.273252739220673,0.9999644650260239,"{'omega': 0.0, 'delta': 2.0}",2
252,16.855771536126227,0.999946697539036,4.273252739220673,0.9999644650260239,"{'omega': 0.0, 'delta': 2.0}",3
253,18.385071587024044,0.999946697539036,4.273252739220673,0.9999644650260239,"{'omega': 0.0, 'delta': 2.0}",2
254,4.8287698877644845,0.9105837451568015,1.0485835243024189,0.9403891634378677,"{'omega': 2.0, 'delta': 0.0}",10
255,5.659655910969794,0.2328123647430944,0.11509840529381801,0.48854157649539626,"{'omega': 2.0, 'delta': 0.0}",10
256,18.385071587024044,0.999946697539036,4.273252739220673,0.9999644650260239,"{'omega': 0.0, 'delta': 2.0}",2
257,18.385071587024044,0.999946697539036,4.273252739220673,0.9999644650260239,"{'omega': 0.0, 'delta': 2.0}",2
258,18.385071587024044,0.999946697539036,4.273252739220673,0.9999644650260239,"{'omega': 0.0, 'delta': 2.0}",2
259,18.385071587024044,0.999946697539036,4.273252739220673,0.9999644650260239,"{'omega': 0.0, 'delta': 2.0}",2
260,18.385071587024044,0.999946697539036,4.273252739220673,0.9999644650260239,"{'omega': 0.0, 'delta': 2.0}",2
261,18.385071587024044,0.999946697539036,4.273252739220673,0.9999644650260239,"{'omega': 0.0, 'delta': 2.0}",2
262,18.385071587024044,0.999946697539036,4.273252739220673,0.9999644650260239,"{'omega': 0.0, 'delta': 2.0}",2
263,11.576307732708205,0.999946697539036,4.273252739220673,0.9999644650260239,"{'omega': 0.0, 'delta': 2.0}",7
264,15.16211047864266,0.999946697539036,4.273252739220673,0.9999644650260239,"{'omega': 0.0, 'delta': 2.0}",4
265,4.954334518955434,0.835013646636534,0.7825519764166666,0.8900090977576894,"{'omega': 2.0, 'delta': -2.0}",10
266,18.385071587024044,0.999946697539036,4.273252739220673,0.9999644650260239,"{'omega': 0.0, 'delta': 2.0}",2
267,18.385071587024044,0.999946697539036,4.273252739220673,0.9999644650260239,"{'omega': 0.0, 'delta': 2.0}",2
268,18.385071587024044,0.999946697539036,4.273252739220673,0.9999644650260239,"{'omega': 0.0, 'delta': 2.0}",2
269,18.385071587024044,0.999946697539036,4.273252739220673,0.9999644650260239,"{'omega': 0.0, 'delta': 2.0}",2
270,18.385071587024044,0.999946697539036,4.273252739220673,0.9999644650260239,"{'omega': 0.0, 'delta': 2.0}",2
271,18.385071587024044,0.999946697539036,4.273252739220673,0.9999644650260239,"{'omega': 0.0, 'delta': 2.0}",2
272,9.388161269252244,0.999946697539036,4.273252739220673,0.9999644650260239,"{'omega': 0.0, 'delta': 2.0}",7
273,18.385071587024044,0.999946697539036,4.273252739220673,0.9999644650260239,"{'omega': 0.0, 'delta': 2.0}",2
274,18.385071587024044,0.999946697539036,4.273252739220673,0.9999644650260239,"{'omega': 0.0, 'delta': 2.0}",2
275,18.385071587024044,0.999946697539036,4.273252739220673,0.9999644650260239,"{'omega': 0.0, 'delta': 2.0}",2
276,18.385071587024044,0.999946697539036,4.273252739220673,0.9999644650260239,"{'omega': 0.0, 'delta': 2.0}",2
277,15.16211047864266,0.999946697539036,4.273252739220673,0.9999644650260239,"{'omega': 0.0, 'delta': 2.0}",4
278,18.385071587024044,0.999946697539036,4.273252739220673,0.9999644650260239,"{'omega': 0.0, 'delta': 2.0}",2
279,14.508958820353158,0.999946697539036,4.273252739220673,0.9999644650260239,"{'omega': 0.0, 'delta': 2.0}",5
280,18.385071587024044,0.999946697539036,4.273252739220673,0.9999644650260239,"{'omega': 0.0, 'delta': 2.0}",2
281,5.718375397060121,0.9513870034897907,1.3132476081429063,0.9675913356598604,"{'omega': 2.0, 'delta': 0.0}",10
282,18.385071587024044,0.999946697539036,4.273252739220673,0.9999644650260239,"{'omega': 0.0, 'delta': 2.0}",2
283,18.385071587024044,0.999946697539036,4.273252739220673,0.9999644650260239,"{'omega': 0.0, 'delta': 2.0}",2
284,18.385071587024044,0.999946697539036,4.273252739220673,0.9999644650260239,"{'omega': 0.0, 'delta': 2.0}",2
285,5.631076477447593,0.9598560282714883,1.3963796618822868,0.9732373521809922,"{'omega': -2.0, 'delta': 0.0}",10
286,5.87676127631802,0.005575457699379128,0.0024281658887313137,0.33705030513291945,"{'omega': 2.0, 'delta': 0.0}",10
287,18.385071587024044,0.999946697539036,4.273252739220673,0.9999644650260239,"{'omega': 0.0, 'delta': 2.0}",2
288,16.855771536126227,0.999946697539036,4.273252739220673,0.9999644650260239,"{'omega': 0.0, 'delta': 2.0}",3
289,18.385071587024044,0.999946697539036,4.273252739220673,0.9999644650260239,"{'omega': 0.0, 'delta': 2.0}",2
290,18.385071587024044,0.999946697539036,4.273252739220673,0.9999644650260239,"{'omega': 0.0, 'delta': 2.0}",2
291,5.828811971256013,0.9939258534400993,2.216514733427263,0.9959505689600663,"{'omega': -2.0, 'delta': 0.0}",10
292,18.385071587024044,0.999946697539036,4.273252739220673,0.9999644650260239,"{'omega': 0.0, 'delta': 2.0}",2
293,18.385071587024044,0.999946697539036,4.273252739220673,0.9999644650260239,"{'omega': 0.0, 'delta': 2.0}",2
294,18.385071587024044,0.999946697539036,4.273252739220673,0.9999644650260239,"{'omega': 0.0, 'delta': 2.0}",2
295,14.947366652344414,0.999946697539036,4.273252739220673,0.9999644650260239,"{'omega': 0.0, 'delta': 2.0}",4
296,18.385071587024044,0.999946697539036,4.273252739220673,0.9999644650260239,"{'omega': 0.0, 'delta': 2.0}",2
297,18.385071587024044,0.999946697539036,4.273252739220673,0.9999644650260239,"{'omega': 0.0, 'delta': 2.0}",2
298,18.385071587024044,0.999946697539036,4.273252739220673,0.9999644650260239,"{'omega': 0.0, 'delta': 2.0}",2
299,4.497228919982745,0.9987128983215283,2.8903871433404302,0.9991419322143522,"{'omega': 0.0, 'delta': 2.0}",10
300,18.385071587024044,0.999946697539036,4.273252739220673,0.9999644650260239,"{'omega': 0.0, 'delta': 2.0}",2
301,9.66466018425253,0.9994756294334187,3.2803616936602187,0.9996504196222791,"{'omega': 0.0, 'delta': 2.0}",8
302,18.385071587024044,0.999946697539036,4.273252739220673,0.9999644650260239,"{'omega': 0.0, 'delta': 2.0}",2
303,18.385071587024044,0.999946697539036,4.273252739220673,0.9999644650260239,"{'omega': 0.0, 'delta': 2.0}",2
304,1.8630840056336258,0.7939425766109918,0.6860117350398535,0.8626283844073278,"{'omega': 2.0, 'delta': 0.0}",10
305,5.377959112324947,0.9633244126553667,1.4356229223792758,0.9755496084369112,"{'omega': 0.0, 'delta': 0.0}",10
306,6.460303150706741,0.9633244126553667,1.4356229223792758,0.9755496084369112,"{'omega': 0.0, 'delta': 0.0}",10
307,13.967786801162262,0.999946697539036,4.273252739220673,0.9999644650260239,"{'omega': 0.0, 'delta': 2.0}",5
308,13.967786801162262,0.999946697539036,4.273252739220673,0.9999644650260239,"{'omega': 0.0, 'delta': 2.0}",5
309,16.018109932285434,0.999946697539036,4.273252739220673,0.9999644650260239,"{'omega': 0.0, 'delta': 2.0}",4
310,18.385071587024044,0.999946697539036,4.273252739220673,0.9999644650260239,"{'omega': 0.0, 'delta': 2.0}",2
311,4.636448794680035,0.8704794888147234,0.8876614501988861,0.9136529925431489,"{'omega': -2.0, 'delta': 0.0}",10
312,15.243039417345033,0.999946697539036,4.273252739220673,0.9999644650260239,"{'omega': 0.0, 'delta': 2.0}",4
313,16.26525323137228,0.999946697539036,4.273252739220673,0.9999644650260239,"{'omega': 0.0, 'delta': 2.0}",4
314,18.385071587024044,0.999946697539036,4.273252739220673,0.9999644650260239,"{'omega': 0.0, 'delta': 2.0}",2
315,16.26525323137228,0.999946697539036,4.273252739220673,0.9999644650260239,"{'omega': 0.0, 'delta': 2.0}",4
316,17.396943555317122,0.999946697539036,4.273252739220673,0.9999644650260239,"{'omega': 0.0, 'delta': 2.0}",3
317,18.385071587024044,0.999946697539036,4.273252739220673,0.9999644650260239,"{'omega': 0.0, 'delta': 2.0}",2
318,18.385071587024044,0.999946697539036,4.273252739220673,0.9999644650260239,"{'omega': 0.0, 'delta': 2.0}",2
319,15.16211047864266,0.999946697539036,4.273252739220673,0.9999644650260239,"{'omega': 0.0, 'delta': 2.0}",4
320,16.018109932285434,0.999946697539036,4.273252739220673,0.9999644650260239,"{'omega': 0.0, 'delta': 2.0}",4
321,17.396943555317122,0.999946697539036,4.273252739220673,0.9999644650260239,"{'omega': 0.0, 'delta': 2.0}",3
322,18.385071587024044,0.999946697539036,4.273252739220673,0.9999644650260239,"{'omega': 0.0, 'delta': 2.0}",2
323,12.9632610615547,0.999946697539036,4.273252739220673,0.9999644650260239,"{'omega': 0.0, 'delta': 2.0}",6
324,18.385071587024044,0.999946697539036,4.273252739220673,0.9999644650260239,"{'omega': 0.0, 'delta': 2.0}",2
325,18.385071587024044,0.999946697539036,4.273252739220673,0.9999644650260239,"{'omega': 0.0, 'delta': 2.0}",2
326,16.855771536126227,0.999946697539036,4.273252739220673,0.9999644650260239,"{'omega': 0.0, 'delta': 2.0}",3
327,14.947366652344414,0.999946697539036,4.273252739220673,0.9999644650260239,"{'omega': 0.0, 'delta': 2.0}",4
328,18.385071587024044,0.999946697539036,4.273252739220673,0.9999644650260239,"{'omega': 0.0, 'delta': 2.0}",2
329,18.385071587024044,0.999946697539036,4.273252739220673,0.9999644650260239,"{'omega': 0.0, 'delta': 2.0}",2
330,16.018109932285434,0.999946697539036,4.273252739220673,0.9999644650260239,"{'omega': 0.0, 'delta': 2.0}",4
331,18.385071587024044,0.999946697539036,4.273252739220673,0.9999644650260239,"{'omega': 0.0, 'delta': 2.0}",2
332,18.385071587024044,0.999946697539036,4.273252739220673,0.9999644650260239,"{'omega': 0.0, 'delta': 2.0}",2
333,18.385071587024044,0.999946697539036,4.273252739220673,0.9999644650260239,"{'omega': 0.0, 'delta': 2.0}",2
334,18.385071587024044,0.999946697539036,4.273252739220673,0.9999644650260239,"{'omega': 0.0, 'delta': 2.0}",2
335,18.385071587024044,0.999946697539036,4.273252739220673,0.9999644650260239,"{'omega': 0.0, 'delta': 2.0}",2
336,16.855771536126227,0.999946697539036,4.273252739220673,0.9999644650260239,"{'omega': 0.0, 'delta': 2.0}",3
337,17.396943555317122,0.999946697539036,4.273252739220673,0.9999644650260239,"{'omega': 0.0, 'delta': 2.0}",3
338,13.886857862459888,0.999946697539036,4.273252739220673,0.9999644650260239,"{'omega': 0.0, 'delta': 2.0}",5
339,18.385071587024044,0.999946697539036,4.273252739220673,0.9999644650260239,"{'omega': 0.0, 'delta': 2.0}",2
340,18.385071587024044,0.999946697539036,4.273252739220673,0.9999644650260239,"{'omega': 0.0, 'delta': 2.0}",2
341,16.26525323137228,0.999946697539036,4.273252739220673,0.9999644650260239,"{'omega': 0.0, 'delta': 2.0}",4
342,18.385071587024044,0.999946697539036,4.273252739220673,0.9999644650260239,"{'omega': 0.0, 'delta': 2.0}",2
343,18.385071587024044,0.999946697539036,4.273252739220673,0.9999644650260239,"{'omega': 0.0, 'delta': 2.0}",2
344,17.396943555317122,0.999946697539036,4.273252739220673,0.9999644650260239,"{'omega': 0.0, 'delta': 2.0}",3
345,16.855771536126227,0.999946697539036,4.273252739220673,0.9999644650260239,"{'omega': 0.0, 'delta': 2.0}",3
346,15.243039417345033,0.999946697539036,4.273252739220673,0.9999644650260239,"{'omega': 0.0, 'delta': 2.0}",4
347,14.947366652344414,0.999946697539036,4.273252739220673,0.9999644650260239,"{'omega': 0.0, 'delta': 2.0}",4
348,18.385071587024044,0.999946697539036,4.273252739220673,0.9999644650260239,"{'omega': 0.0, 'delta': 2.0}",2
349,14.947366652344414,0.999946697539036,4.273252739220673,0.9999644650260239,"{'omega': 0.0, 'delta': 2.0}",4
350,18.385071587024044,0.999946697539036,4.273252739220673,0.9999644650260239,"{'omega': 0.0, 'delta': 2.0}",2
351,18.385071587024044,0.999946697539036,4.273252739220673,0.9999644650260239,"{'omega': 0.0, 'delta': 2.0}",2
352,12.051298272633725,0.999946697539036,4.273252739220673,0.9999644650260239,"{'omega': 0.0, 'delta': 2.0}",6
353,18.385071587024044,0.999946697539036,4.273252739220673,0.9999644650260239,"{'omega': 0.0, 'delta': 2.0}",2
354,4.128196172330844,0.7327666917965532,0.5731094119621328,0.8218444611977022,"{'omega': 0.0, 'delta': 2.0}",10
355,18.385071587024044,0.999946697539036,4.273252739220673,0.9999644650260239,"{'omega': 0.0, 'delta': 2.0}",2
356,18.385071587024044,0.999946697539036,4.273252739220673,0.9999644650260239,"{'omega': 0.0, 'delta': 2.0}",2
357,17.396943555317122,0.999946697539036,4.273252739220673,0.9999644650260239,"{'omega': 0.0, 'delta': 2.0}",3
358,18.385071587024044,0.999946697539036,4.273252739220673,0.9999644650260239,"{'omega': 0.0, 'delta': 2.0}",2
359,5.379958327840114,0.999451410787575,3.2607527367066593,0.9996342738583834,"{'omega': 0.0, 'delta': 2.0}",9
360,18.385071587024044,0.999946697539036,4.273252739220673,0.9999644650260239,"{'omega': 0.0, 'delta': 2.0}",2
361,5.676547118218157,0.8482897518628193,0.8189850813154471,0.8988598345752129,"{'omega': -2.0, 'delta': -2.0}",10
362,18.385071587024044,0.999946697539036,4.273252739220673,0.9999644650260239,"{'omega': 0.0, 'delta': 2.0}",2
363,18.385071587024044,0.999946697539036,4.273252739220673,0.9999644650260239,"{'omega': 0.0, 'delta': 2.0}",2
364,18.385071587024044,0.999946697539036,4.273252739220673,0.9999644650260239,"{'omega': 0.0, 'delta': 2.0}",2
365,18.385071587024044,0.999946697539036,4.273252739220673,0.9999644650260239,"{'omega': 0.0, 'delta': 2.0}",2
366,3.901488848029663,0.9672905270973294,1.4853264542640743,0.978193684731553,"{'omega': 0.0, 'delta': 2.0}",10
367,14.947366652344414,0.999946697539036,4.273252739220673,0.9999644650260239,"{'omega': 0.0, 'delta': 2.0}",4
368,6.5942379733875836,0.9997441005247636,3.5919306047035344,0.9998294003498424,"{'omega': 0.0, 'delta': 2.0}",9
369,18.385071587024044,0.999946697539036,4.273252739220673,0.9999644650260239,"{'omega': 0.0, 'delta': 2.0}",2
370,5.149632996177456,0.85554788003366,0.8402760801061998,0.9036985866891066,"{'omega': -2.0, 'delta': 0.0}",10
371,14.968289712710767,0.999946697539036,4.273252739220673,0.9999644650260239,"{'omega': 0.0, 'delta': 2.0}",5
372,16.018109932285434,0.999946697539036,4.273252739220673,0.9999644650260239,"{'omega': 0.0, 'delta': 2.0}",4
373,15.78421143653593,0.999946697539036,4.273252739220673,0.9999644650260239,"{'omega': 0.0, 'delta': 2.0}",4
374,18.385071587024044,0.999946697539036,4.273252739220673,0.9999644650260239,"{'omega': 0.0, 'delta': 2.0}",2
375,17.396943555317122,0.999946697539036,4.273252739220673,0.9999644650260239,"{'omega': 0.0, 'delta': 2.0}",3
376,14.77375022848852,0.999946697539036,4.273252739220673,0.9999644650260239,"{'omega': 0.0, 'delta': 2.0}",5
377,18.385071587024044,0.999946697539036,4.273252739220673,0.9999644650260239,"{'omega': 0.0, 'delta': 2.0}",2
378,16.24354232889354,0.999946697539036,4.273252739220673,0.9999644650260239,"{'omega': 0.0, 'delta': 2.0}",4
379,11.504458740576384,0.999946697539036,4.273252739220673,0.9999644650260239,"{'omega': 0.0, 'delta': 2.0}",6
380,16.855771536126227,0.999946697539036,4.273252739220673,0.9999644650260239,"{'omega': 0.0, 'delta': 2.0}",3
381,18.385071587024044,0.999946697539036,4.273252739220673,0.9999644650260239,"{'omega': 0.0, 'delta': 2.0}",2
382,5.353829287626405,0.8535533905932737,0.8343206788338348,0.9023689270621825,"{'omega': 0.0, 'delta': -2.0}",10
383,8.180948766906802,0.9996616001595151,3.470569850350943,0.9997744001063434,"{'omega': 0.0, 'delta': 2.0}",8
384,18.385071587024044,0.999946697539036,4.273252739220673,0.9999644650260239,"{'omega': 0.0, 'delta': 2.0}",2
385,18.385071587024044,0.999946697539036,4.273252739220673,0.9999644650260239,"{'omega': 0.0, 'delta': 2.0}",2
386,18.385071587024044,0.999946697539036,4.273252739220673,0.9999644650260239,"{'omega': 0.0, 'delta': 2.0}",2
387,18.385071587024044,0.999946697539036,4.273252739220673,0.9999644650260239,"{'omega': 0.0, 'delta': 2.0}",2
388,8.180948766906802,0.9996616001595151,3.470569850350943,0.9997744001063434,"{'omega': 0.0, 'delta': 2.0}",8
389,18.385071587024044,0.999946697539036,4.273252739220673,0.9999644650260239,"{'omega': 0.0, 'delta': 2.0}",2
390,15.78421143653593,0.999946697539036,4.273252739220673,0.9999644650260239,"{'omega': 0.0, 'delta': 2.0}",4
391,11.767278976132488,0.999946697539036,4.273252739220673,0.9999644650260239,"{'omega': 0.0, 'delta': 2.0}",6
392,17.396943555317122,0.999946697539036,4.273252739220673,0.9999644650260239,"{'omega': 0.0, 'delta': 2.0}",3
393,3.7132445459384074,0.869805872641676,0.8854086049644065,0.9132039150944506,"{'omega': 2.0, 'delta': 0.0}",10
394,18.385071587024044,0.999946697539036,4.273252739220673,0.9999644650260239,"{'omega': 0.0, 'delta': 2.0}",2
395,16.24354232889354,0.999946697539036,4.273252739220673,0.9999644650260239,"{'omega': 0.0, 'delta': 2.0}",4
396,18.385071587024044,0.999946697539036,4.273252739220673,0.9999644650260239,"{'omega': 0.0, 'delta': 2.0}",2
397,18.385071587024044,0.999946697539036,4.273252739220673,0.9999644650260239,"{'omega': 0.0, 'delta': 2.0}",2
398,18.385071587024044,0.999946697539036,4.273252739220673,0.9999644650260239,"{'omega': 0.0, 'delta': 2.0}",2
399,18.385071587024044,0.999946697539036,4.273252739220673,0.9999644650260239,"{'omega': 0.0, 'delta': 2.0}",2
400,14.08804724987135,0.999946697539036,4.273252739220673,0.9999644650260239,"{'omega': 0.0, 'delta': 2.0}",5
401,15.78421143653593,0.999946697539036,4.273252739220673,0.9999644650260239,"{'omega': 0.0, 'delta': 2.0}",4
402,18.385071587024044,0.999946697539036,4.273252739220673,0.9999644650260239,"{'omega': 0.0, 'delta': 2.0}",2
403,13.546875230680453,0.999946697539036,4.273252739220673,0.9999644650260239,"{'omega': 0.0, 'delta': 2.0}",5
404,5.191993604726833,0.8535533905932737,0.8343206788338348,0.9023689270621825,"{'omega': 0.0, 'delta': 0.0}",10
405,2.7719821765390753,0.23864644763845613,0.11841362156995494,0.49243096509230405,"{'omega': 2.0, 'delta': 2.0}",10
406,3.1869579498952696,0.8535533905932737,0.8343206788338348,0.9023689270621825,"{'omega': 2.0, 'delta': 0.0}",10
407,3.8191351364609405,0.9190737871812479,1.0919107832254242,0.9460491914541652,"{'omega': 2.0, 'delta': 0.0}",10
408,3.3646734437656742,0.9143806438142323,1.0674280421641682,0.9429204292094883,"{'omega': 2.0, 'delta': 0.0}",10
409,15.243039417345033,0.999946697539036,4.273252739220673,0.9999644650260239,"{'omega': 0.0, 'delta': 2.0}",4
410,6.1082884782519296,0.999946697539036,4.273252739220673,0.9999644650260239,"{'omega': 0.0, 'delta': 2.0}",9
411,10.204901775473864,0.999946697539036,4.273252739220673,0.9999644650260239,"{'omega': 0.0, 'delta': 2.0}",7
412,15.78421143653593,0.999946697539036,4.273252739220673,0.9999644650260239,"{'omega': 0.0, 'delta': 2.0}",4
413,12.248320770968842,0.999946697539036,4.273252739220673,0.9999644650260239,"{'omega': 0.0, 'delta': 2.0}",6
414,5.257698663615859,0.9633244126553667,1.4356229223792758,0.9755496084369112,"{'omega': 0.0, 'delta': 0.0}",10
415,4.7857430210578915,0.8221336165610905,0.7499061253648618,0.881422411040727,"{'omega': 2.0, 'delta': -2.0}",10
416,4.2243351805196445,0.9633244126553667,1.4356229223792758,0.9755496084369112,"{'omega': 0.0, 'delta': 0.0}",10
417,4.444455878600174,0.8497246603330234,0.8231122817234986,0.8998164402220157,"{'omega': -2.0, 'delta': -2.0}",10
418,4.1219866967212,0.8535533905932737,0.8343206788338348,0.9023689270621825,"{'omega': 0.0, 'delta': 0.0}",10
419,4.175354625234065,0.9633244126553667,1.4356229223792758,0.9755496084369112,"{'omega': 0.0, 'delta': 2.0}",10
420,4.227850038563175,0.9135158357282449,1.0630634069744622,0.9423438904854966,"{'omega': -2.0, 'delta': 2.0}",10
421,4.9787504022186875,0.8535533905932737,0.8343206788338348,0.9023689270621825,"{'omega': 0.0, 'delta': -2.0}",10
422,18.385071587024044,0.999946697539036,4.273252739220673,0.9999644650260239,"{'omega': 0.0, 'delta': 2.0}",2
423,15.78421143653593,0.999946697539036,4.273252739220673,0.9999644650260239,"{'omega': 0.0, 'delta': 2.0}",4
424,18.385071587024044,0.999946697539036,4.273252739220673,0.9999644650260239,"{'omega': 0.0, 'delta': 2.0}",2
425,13.787680176791948,0.999946697539036,4.273252739220673,0.9999644650260239,"{'omega': 0.0, 'delta': 2.0}",5
426,15.78421143653593,0.999946697539036,4.273252739220673,0.9999644650260239,"{'omega': 0.0, 'delta': 2.0}",4
427,16.855771536126227,0.999946697539036,4.273252739220673,0.9999644650260239,"{'omega': 0.0, 'delta': 2.0}",3
428,18.385071587024044,0.999946697539036,4.273252739220673,0.9999644650260239,"{'omega': 0.0, 'delta': 2.0}",2
429,5.0032193793778665,0.9671353588060018,1.4832711048507448,0.9780902392040011,"{'omega': 0.0, 'delta': 2.0}",10
430,14.91241448817261,0.999946697539036,4.273252739220673,0.9999644650260239,"{'omega': 0.0, 'delta': 2.0}",4
431,7.397197628102397,0.999946697539036,4.273252739220673,0.9999644650260239,"{'omega': 0.0, 'delta': 2.0}",8
432,18.385071587024044,0.999946697539036,4.273252739220673,0.9999644650260239,"{'omega': 0.0, 'delta': 2.0}",2
433,18.385071587024044,0.999946697539036,4.273252739220673,0.9999644650260239,"{'omega': 0.0, 'delta': 2.0}",2
434,18.385071587024044,0.999946697539036,4.273252739220673,0.9999644650260239,"{'omega': 0.0, 'delta': 2.0}",2
435,18.385071587024044,0.999946697539036,4.273252739220673,0.9999644650260239,"{'omega': 0.0, 'delta': 2.0}",2
436,18.385071587024044,0.999946697539036,4.273252739220673,0.9999644650260239,"{'omega': 0.0, 'delta': 2.0}",2
437,15.78421143653593,0.999946697539036,4.273252739220673,0.9999644650260239,"{'omega': 0.0, 'delta': 2.0}",4
438,4.476005747006785,0.9633244126553667,1.4356229223792758,0.9755496084369112,"{'omega': 0.0, 'delta': 2.0}",10
439,16.855771536126227,0.999946697539036,4.273252739220673,0.9999644650260239,"{'omega': 0.0, 'delta': 2.0}",3
440,15.70961660249722,0.999946697539036,4.273252739220673,0.9999644650260239,"{'omega': 0.0, 'delta': 2.0}",4
441,5.498219561034036,0.9633244126553667,1.4356229223792758,0.9755496084369112,"{'omega': 0.0, 'delta': 2.0}",10
442,18.385071587024044,0.999946697539036,4.273252739220673,0.9999644650260239,"{'omega': 0.0, 'delta': 2.0}",2
443,15.78421143653593,0.999946697539036,4.273252739220673,0.9999644650260239,"{'omega': 0.0, 'delta': 2.0}",4
444,14.027917025516805,0.999946697539036,4.273252739220673,0.9999644650260239,"{'omega': 0.0, 'delta': 2.0}",5
445,14.508958820353158,0.999946697539036,4.273252739220673,0.9999644650260239,"{'omega': 0.0, 'delta': 2.0}",5
446,16.855771536126227,0.999946697539036,4.273252739220673,0.9999644650260239,"{'omega': 0.0, 'delta': 2.0}",3
447,12.789492790159738,0.999946697539036,4.273252739220673,0.9999644650260239,"{'omega': 0.0, 'delta': 2.0}",6
448,16.855771536126227,0.999946697539036,4.273252739220673,0.9999644650260239,"{'omega': 0.0, 'delta': 2.0}",3
449,10.806204019019304,0.999946697539036,4.273252739220673,0.9999644650260239,"{'omega': 0.0, 'delta': 2.0}",7
450,18.385071587024044,0.999946697539036,4.273252739220673,0.9999644650260239,"{'omega': 0.0, 'delta': 2.0}",2
451,18.385071587024044,0.999946697539036,4.273252739220673,0.9999644650260239,"{'omega': 0.0, 'delta': 2.0}",2
452,4.749680555878715,0.8535533905932737,0.8343206788338348,0.9023689270621825,"{'omega': 0.0, 'delta': -2.0}",10
453,4.54514143976288,0.8203409758186142,0.7455509635205653,0.8802273172124094,"{'omega': 2.0, 'delta': 2.0}",10
454,14.027917025516805,0.999946697539036,4.273252739220673,0.9999644650260239,"{'omega': 0.0, 'delta': 2.0}",5
455,6.363979078523332,0.999946697539036,4.273252739220673,0.9999644650260239,"{'omega': 0.0, 'delta': 2.0}",9
456,10.620433253591074,0.999946697539036,4.273252739220673,0.9999644650260239,"{'omega': 0.0, 'delta': 2.0}",7
457,15.243039417345033,0.999946697539036,4.273252739220673,0.9999644650260239,"{'omega': 0.0, 'delta': 2.0}",4
458,16.855771536126227,0.999946697539036,4.273252739220673,0.9999644650260239,"{'omega': 0.0, 'delta': 2.0}",3
459,15.243039417345033,0.999946697539036,4.273252739220673,0.9999644650260239,"{'omega': 0.0, 'delta': 2.0}",4
460,18.385071587024044,0.999946697539036,4.273252739220673,0.9999644650260239,"{'omega': 0.0, 'delta': 2.0}",2
461,18.385071587024044,0.999946697539036,4.273252739220673,0.9999644650260239,"{'omega': 0.0, 'delta': 2.0}",2
462,14.508958820353158,0.999946697539036,4.273252739220673,0.9999644650260239,"{'omega': 0.0, 'delta': 2.0}",5
463,8.569645698238435,0.999946697539036,4.273252739220673,0.9999644650260239,"{'omega': 0.0, 'delta': 2.0}",8
464,18.385071587024044,0.999946697539036,4.273252739220673,0.9999644650260239,"{'omega': 0.0, 'delta': 2.0}",2
465,17.396943555317122,0.999946697539036,4.273252739220673,0.9999644650260239,"{'omega': 0.0, 'delta': 2.0}",3
466,18.385071587024044,0.999946697539036,4.273252739220673,0.9999644650260239,"{'omega': 0.0, 'delta': 2.0}",2
467,18.385071587024044,0.999946697539036,4.273252739220673,0.9999644650260239,"{'omega': 0.0, 'delta': 2.0}",2
468,11.834171496328711,0.999946697539036,4.273252739220673,0.9999644650260239,"{'omega': 0.0, 'delta': 2.0}",6
469,18.385071587024044,0.999946697539036,4.273252739220673,0.9999644650260239,"{'omega': 0.0, 'delta': 2.0}",2
470,18.385071587024044,0.999946697539036,4.273252739220673,0.9999644650260239,"{'omega': 0.0, 'delta': 2.0}",2
471,4.592509322534329,0.9598560282714891,1.3963796618822952,0.9732373521809926,"{'omega': -2.0, 'delta': 0.0}",10
472,5.629069035249698,0.7062717377072552,0.532054264007464,0.8041811584715034,"{'omega': 0.0, 'delta': -2.0}",10
473,13.967786801162262,0.999946697539036,4.273252739220673,0.9999644650260239,"{'omega': 0.0, 'delta': 2.0}",5
474,13.967786801162262,0.999946697539036,4.273252739220673,0.9999644650260239,"{'omega': 0.0, 'delta': 2.0}",5
475,16.855771536126227,0.999946697539036,4.273252739220673,0.9999644650260239,"{'omega': 0.0, 'delta': 2.0}",3
476,11.227115589501114,0.999946697539036,4.273252739220673,0.9999644650260239,"{'omega': 0.0, 'delta': 2.0}",7
477,6.439253254808575,0.999946697539036,4.273252739220673,0.9999644650260239,"{'omega': 0.0, 'delta': 2.0}",9
478,9.581306320959103,0.999946697539036,4.273252739220673,0.9999644650260239,"{'omega': 0.0, 'delta': 2.0}",8
479,18.385071587024044,0.999946697539036,4.273252739220673,0.9999644650260239,"{'omega': 0.0, 'delta': 2.0}",2
480,10.625813345955674,0.999946697539036,4.273252739220673,0.9999644650260239,"{'omega': 0.0, 'delta': 2.0}",7
481,6.991887375201093,0.9999159129506175,4.075270886661465,0.9999439419670783,"{'omega': 0.0, 'delta': 2.0}",9
482,12.729362565805195,0.999946697539036,4.273252739220673,0.9999644650260239,"{'omega': 0.0, 'delta': 2.0}",6
483,15.724081212181385,0.999946697539036,4.273252739220673,0.9999644650260239,"{'omega': 0.0, 'delta': 2.0}",4
484,18.385071587024044,0.999946697539036,4.273252739220673,0.9999644650260239,"{'omega': 0.0, 'delta': 2.0}",2
485,16.855771536126227,0.999946697539036,4.273252739220673,0.9999644650260239,"{'omega': 0.0, 'delta': 2.0}",3
486,5.317828887970403,0.9633244126553667,1.4356229223792758,0.9755496084369112,"{'omega': 0.0, 'delta': 0.0}",10
487,8.498962282577308,0.999946697539036,4.273252739220673,0.9999644650260239,"{'omega': 0.0, 'delta': 2.0}",8
488,5.438089336679491,0.9633244126553667,1.4356229223792758,0.9755496084369112,"{'omega': 0.0, 'delta': 2.0}",10
489,18.385071587024044,0.999946697539036,4.273252739220673,0.9999644650260239,"{'omega': 0.0, 'delta': 2.0}",2
490,6.619486690043125,0.999946697539036,4.273252739220673,0.9999644650260239,"{'omega': 0.0, 'delta': 2.0}",9
491,5.25769866361586,0.8535533905932737,0.8343206788338348,0.9023689270621825,"{'omega': 0.0, 'delta': -2.0}",10
492,8.859743628704573,0.999946697539036,4.273252739220673,0.9999644650260239,"{'omega': 0.0, 'delta': 2.0}",8
493,18.385071587024044,0.999946697539036,4.273252739220673,0.9999644650260239,"{'omega': 0.0, 'delta': 2.0}",2
494,18.385071587024044,0.999946697539036,4.273252739220673,0.9999644650260239,"{'omega': 0.0, 'delta': 2.0}",2
495,18.385071587024044,0.999946697539036,4.273252739220673,0.9999644650260239,"{'omega': 0.0, 'delta': 2.0}",2
496,18.385071587024044,0.999946697539036,4.273252739220673,0.9999644650260239,"{'omega': 0.0, 'delta': 2.0}",2
497,14.508958820353158,0.999946697539036,4.273252739220673,0.9999644650260239,"{'omega': 0.0, 'delta': 2.0}",5
498,16.855771536126227,0.999946697539036,4.273252739220673,0.9999644650260239,"{'omega': 0.0, 'delta': 2.0}",3
499,4.957047541843139,0.9633244126553667,1.4356229223792758,0.9755496084369112,"{'omega': 0.0, 'delta': 2.0}",10
500,6.649460497442826,0.999946697539036,4.273252739220673,0.9999644650260239,"{'omega': 0.0, 'delta': 2.0}",9
501,18.385071587024044,0.999946697539036,4.273252739220673,0.9999644650260239,"{'omega': 0.0, 'delta': 2.0}",2
502,16.855771536126227,0.999946697539036,4.273252739220673,0.9999644650260239,"{'omega': 0.0, 'delta': 2.0}",3
503,9.160394750477293,0.999946697539036,4.273252739220673,0.9999644650260239,"{'omega': 0.0, 'delta': 2.0}",8
504,16.855771536126227,0.999946697539036,4.273252739220673,0.9999644650260239,"{'omega': 0.0, 'delta': 2.0}",3
505,15.78421143653593,0.999946697539036,4.273252739220673,0.9999644650260239,"{'omega': 0.0, 'delta': 2.0}",4
506,13.967786801162262,0.999946697539036,4.273252739220673,0.9999644650260239,"{'omega': 0.0, 'delta': 2.0}",5
507,5.498219561034036,0.8535533905932737,0.8343206788338348,0.9023689270621825,"{'omega': 0.0, 'delta': 0.0}",10
508,17.396943555317122,0.999946697539036,4.273252739220673,0.9999644650260239,"{'omega': 0.0, 'delta': 2.0}",3
509,15.243039417345033,0.999946697539036,4.273252739220673,0.9999644650260239,"{'omega': 0.0, 'delta': 2.0}",4
510,18.385071587024044,0.999946697539036,4.273252739220673,0.9999644650260239,"{'omega': 0.0, 'delta': 2.0}",2
511,15.16211047864266,0.999946697539036,4.273252739220673,0.9999644650260239,"{'omega': 0.0, 'delta': 2.0}",4
512,18.385071587024044,0.999946697539036,4.273252739220673,0.9999644650260239,"{'omega': 0.0, 'delta': 2.0}",2
513,18.385071587024044,0.999946697539036,4.273252739220673,0.9999644650260239,"{'omega': 0.0, 'delta': 2.0}",2
514,5.377959112324947,0.9609594699226057,1.4084842942808464,0.9739729799484037,"{'omega': -2.0, 'delta': 2.0}",10
515,4.559091206426509,0.9655533414113431,1.4628528993554464,0.9770355609408954,"{'omega': 0.0, 'delta': 2.0}",10
516,4.50212609833996,0.8462412822007643,0.8131602512613678,0.8974941881338429,"{'omega': 0.0, 'delta': -2.0}",10
517,4.596266195715874,0.8535533905932737,0.8343206788338348,0.9023689270621825,"{'omega': 0.0, 'delta': 0.0}",10
518,4.295615073943154,0.8184806767523193,0.7410771362854484,0.8789871178348795,"{'omega': 2.0, 'delta': -2.0}",10
519,8.916562652224782,0.999946697539036,4.273252739220673,0.9999644650260239,"{'omega': 0.0, 'delta': 2.0}",8
520,18.385071587024044,0.999946697539036,4.273252739220673,0.9999644650260239,"{'omega': 0.0, 'delta': 2.0}",2
521,18.385071587024044,0.999946697539036,4.273252739220673,0.9999644650260239,"{'omega': 0.0, 'delta': 2.0}",2
522,12.729362565805195,0.999946697539036,4.273252739220673,0.9999644650260239,"{'omega': 0.0, 'delta': 2.0}",6
523,5.392295600278369,0.8595264444356923,0.8524054248936841,0.9063509629571281,"{'omega': -2.0, 'delta': 2.0}",10
524,4.415875522652241,0.8535533905932737,0.8343206788338348,0.9023689270621825,"{'omega': 0.0, 'delta': 0.0}",10
525,5.13743821490677,0.9633244126553667,1.4356229223792758,0.9755496084369112,"{'omega': 0.0, 'delta': 2.0}",10
526,8.498962282577308,0.999946697539036,4.273252739220673,0.9999644650260239,"{'omega': 0.0, 'delta': 2.0}",8
527,4.175354625234065,0.8535533905932737,0.8343206788338348,0.9023689270621825,"{'omega': 0.0, 'delta': 0.0}",10
528,4.6563964200704175,0.8535533905932737,0.8343206788338348,0.9023689270621825,"{'omega': 0.0, 'delta': 0.0}",10
529,4.908677690331399,0.9233398559118737,1.115430368793911,0.9488932372745825,"{'omega': -2.0, 'delta': -2.0}",10
530,4.211422221409835,0.8254054023501953,0.7579691984722434,0.8836036015667968,"{'omega': 2.0, 'delta': 2.0}",10
531,17.396943555317122,0.999946697539036,4.273252739220673,0.9999644650260239,"{'omega': 0.0, 'delta': 2.0}",3
532,4.031890994578101,0.6885852527454165,0.5066608249739417,0.7923901684969442,"{'omega': 0.0, 'delta': -2.0}",10
533,15.243039417345033,0.999946697539036,4.273252739220673,0.9999644650260239,"{'omega': 0.0, 'delta': 2.0}",4
534,14.947366652344414,0.999946697539036,4.273252739220673,0.9999644650260239,"{'omega': 0.0, 'delta': 2.0}",4
535,18.385071587024044,0.999946697539036,4.273252739220673,0.9999644650260239,"{'omega': 0.0, 'delta': 2.0}",2
536,18.385071587024044,0.999946697539036,4.273252739220673,0.9999644650260239,"{'omega': 0.0, 'delta': 2.0}",2
537,18.385071587024044,0.999946697539036,4.273252739220673,0.9999644650260239,"{'omega': 0.0, 'delta': 2.0}",2
538,12.844069081124218,0.9998435011251025,3.8054887803382536,0.9998956674167351,"{'omega': 0.0, 'delta': 2.0}",5
539,4.3154287764786625,0.8411186722135722,0.7989271393930724,0.8940791148090481,"{'omega': 0.0, 'delta': 2.0}",10
540,4.181309261208965,0.8044395758218885,0.7087190294056791,0.869626383881259,"{'omega': 2.0, 'delta': 0.0}",10
541,18.385071587024044,0.999946697539036,4.273252739220673,0.9999644650260239,"{'omega': 0.0, 'delta': 2.0}",2
542,17.396943555317122,0.999946697539036,4.273252739220673,0.9999644650260239,"{'omega': 0.0, 'delta': 2.0}",3
543,14.448828595998615,0.999946697539036,4.273252739220673,0.9999644650260239,"{'omega': 0.0, 'delta': 2.0}",5
544,17.396943555317122,0.999946697539036,4.273252739220673,0.9999644650260239,"{'omega': 0.0, 'delta': 2.0}",3
545,17.396943555317122,0.999946697539036,4.273252739220673,0.9999644650260239,"{'omega': 0.0, 'delta': 2.0}",3
546,11.648027159982924,0.999946697539036,4.273252739220673,0.9999644650260239,"{'omega': 0.0, 'delta': 2.0}",7
547,18.385071587024044,0.999946697539036,4.273252739220673,0.9999644650260239,"{'omega': 0.0, 'delta': 2.0}",2
548,4.610951191314361,0.6591532207800038,0.4674408054460495,0.772768813853336,"{'omega': -2.0, 'delta': -2.0}",10
549,13.030013687577917,0.999946697539036,4.273252739220673,0.9999644650260239,"{'omega': 0.0, 'delta': 2.0}",6
550,3.6735141160498834,0.9633244126553667,1.4356229223792758,0.9755496084369112,"{'omega': 0.0, 'delta': 2.0}",10
551,4.776656868779506,0.8535533905932737,0.8343206788338348,0.9023689270621825,"{'omega': 0.0, 'delta': 0.0}",10
552,4.476005747006786,0.8535533905932737,0.8343206788338348,0.9023689270621825,"{'omega': 0.0, 'delta': 0.0}",10
553,3.8145732791068,0.8535533905932737,0.8343206788338348,0.9023689270621825,"{'omega': 0.0, 'delta': -2.0}",10
554,3.7544430547522563,0.9633244126553667,1.4356229223792758,0.9755496084369112,"{'omega': 0.0, 'delta': 2.0}",10
555,4.836787093134051,0.9633244126553667,1.4356229223792758,0.9755496084369112,"{'omega': 0.0, 'delta': 2.0}",10
556,15.78421143653593,0.999946697539036,4.273252739220673,0.9999644650260239,"{'omega': 0.0, 'delta': 2.0}",4
557,11.227115589501114,0.999946697539036,4.273252739220673,0.9999644650260239,"{'omega': 0.0, 'delta': 2.0}",7
558,16.855771536126227,0.999946697539036,4.273252739220673,0.9999644650260239,"{'omega': 0.0, 'delta': 2.0}",3
559,15.78421143653593,0.999946697539036,4.273252739220673,0.9999644650260239,"{'omega': 0.0, 'delta': 2.0}",4
560,18.385071587024044,0.999946697539036,4.273252739220673,0.9999644650260239,"{'omega': 0.0, 'delta': 2.0}",2
561,17.396943555317122,0.999946697539036,4.273252739220673,0.9999644650260239,"{'omega': 0.0, 'delta': 2.0}",3
562,4.434055677713952,0.959360394629104,1.3910505179011647,0.9729069297527361,"{'omega': 0.0, 'delta': 2.0}",10
563,12.051298272633725,0.999946697539036,4.273252739220673,0.9999644650260239,"{'omega': 0.0, 'delta': 2.0}",6
564,15.78421143653593,0.999946697539036,4.273252739220673,0.9999644650260239,"{'omega': 0.0, 'delta': 2.0}",4
565,4.431457090620724,0.6966840000529136,0.5181046800109483,0.797789333368609,"{'omega': 0.0, 'delta': 0.0}",10
566,18.385071587024044,0.999946697539036,4.273252739220673,0.9999644650260239,"{'omega': 0.0, 'delta': 2.0}",2
567,4.891342482954112,0.9633244126553667,1.4356229223792758,0.9755496084369112,"{'omega': 0.0, 'delta': 2.0}",10
568,12.729362565805195,0.999946697539036,4.273252739220673,0.9999644650260239,"{'omega': 0.0, 'delta': 2.0}",6
569,3.529453705412767,0.8535533905932737,0.8343206788338348,0.9023689270621825,"{'omega': 0.0, 'delta': -2.0}",10
570,14.569089044707702,0.999946697539036,4.273252739220673,0.9999644650260239,"{'omega': 0.0, 'delta': 2.0}",5
571,14.08804724987135,0.999946697539036,4.273252739220673,0.9999644650260239,"{'omega': 0.0, 'delta': 2.0}",5
572,8.348728026468518,0.999946697539036,4.273252739220673,0.9999644650260239,"{'omega': 0.0, 'delta': 2.0}",8
573,4.541114328133432,0.9633244126553667,1.4356229223792758,0.9755496084369112,"{'omega': 0.0, 'delta': 2.0}",10
574,4.93403038422274,0.9637676764993092,1.4409038147048268,0.9758451176662062,"{'omega': 0.0, 'delta': 2.0}",10
575,5.017177766197682,0.9633244126553667,1.4356229223792758,0.9755496084369112,"{'omega': 0.0, 'delta': 2.0}",10
576,9.340785423540925,0.999946697539036,4.273252739220673,0.9999644650260239,"{'omega': 0.0, 'delta': 2.0}",8
577,18.385071587024044,0.999946697539036,4.273252739220673,0.9999644650260239,"{'omega': 0.0, 'delta': 2.0}",2
578,5.317828887970403,0.9633244126553667,1.4356229223792758,0.9755496084369112,"{'omega': 0.0, 'delta': 2.0}",10
579,5.377959112324948,0.9609594699226057,1.4084842942808464,0.9739729799484037,"{'omega': 2.0, 'delta': 2.0}",10
580,7.190632516633723,0.999946697539036,4.273252739220673,0.9999644650260239,"{'omega': 0.0, 'delta': 2.0}",9
581,5.859000907161301,0.8535533905932737,0.8343206788338348,0.9023689270621825,"{'omega': 0.0, 'delta': -2.0}",10
582,4.957047541843138,0.8535533905932737,0.8343206788338348,0.9023689270621825,"{'omega': 0.0, 'delta': -2.0}",10
583,5.618480009743124,0.9633244126553667,1.4356229223792758,0.9755496084369112,"{'omega': 0.0, 'delta': 0.0}",10
584,4.815988378786221,0.9633244126553667,1.4356229223792758,0.9755496084369112,"{'omega': 0.0, 'delta': 2.0}",10
585,11.16698536514657,0.999946697539036,4.273252739220673,0.9999644650260239,"{'omega': 0.0, 'delta': 2.0}",7
586,14.569089044707702,0.999946697539036,4.273252739220673,0.9999644650260239,"{'omega': 0.0, 'delta': 2.0}",5
587,18.385071587024044,0.999946697539036,4.273252739220673,0.9999644650260239,"{'omega': 0.0, 'delta': 2.0}",2
588,18.385071587024044,0.999946697539036,4.273252739220673,0.9999644650260239,"{'omega': 0.0, 'delta': 2.0}",2
589,15.724081212181385,0.999946697539036,4.273252739220673,0.9999644650260239,"{'omega': 0.0, 'delta': 2.0}",4
590,17.396943555317122,0.999946697539036,4.273252739220673,0.9999644650260239,"{'omega': 0.0, 'delta': 2.0}",3
591,17.396943555317122,0.999946697539036,4.273252739220673,0.9999644650260239,"{'omega': 0.0, 'delta': 2.0}",3
592,14.027917025516805,0.999946697539036,4.273252739220673,0.9999644650260239,"{'omega': 0.0, 'delta': 2.0}",5
593,5.317828887970403,0.8535533905932737,0.8343206788338348,0.9023689270621825,"{'omega': 0.0, 'delta': -2.0}",10
594,5.317828887970403,0.8535533905932737,0.8343206788338348,0.9023689270621825,"{'omega': 0.0, 'delta': 0.0}",10
595,5.438089336679491,0.8535533905932737,0.8343206788338348,0.9023689270621825,"{'omega': 0.0, 'delta': -2.0}",10
596,6.460303150706741,0.8535533905932737,0.8343206788338348,0.9023689270621825,"{'omega': 0.0, 'delta': -2.0}",10
597,6.460303150706741,0.9633244126553667,1.4356229223792758,0.9755496084369112,"{'omega': 0.0, 'delta': 0.0}",10
598,9.534684549684908,0.999946697539036,4.273252739220673,0.9999644650260239,"{'omega': 0.0, 'delta': 2.0}",8
599,15.724081212181385,0.999946697539036,4.273252739220673,0.9999644650260239,"{'omega': 0.0, 'delta': 2.0}",4
600,4.994471573071703,0.9637676764993092,1.4409038147048268,0.9758451176662062,"{'omega': 0.0, 'delta': 0.0}",10
601,12.46804295403919,0.999946697539036,4.273252739220673,0.9999644650260239,"{'omega': 0.0, 'delta': 2.0}",6
602,6.460303150706741,0.8184806767523193,0.7410771362854484,0.8789871178348795,"{'omega': 2.0, 'delta': -2.0}",10
603,5.618480009743124,0.9633244126553667,1.4356229223792758,0.9755496084369112,"{'omega': 0.0, 'delta': 0.0}",10
604,4.169779790699583,0.9633244126553667,1.4356229223792758,0.9755496084369112,"{'omega': 0.0, 'delta': 2.0}",10
605,5.317828887970403,0.9633244126553667,1.4356229223792758,0.9755496084369112,"{'omega': 0.0, 'delta': 2.0}",10
606,10.806204019019304,0.999946697539036,4.273252739220673,0.9999644650260239,"{'omega': 0.0, 'delta': 2.0}",7
607,9.220524974831838,0.999946697539036,4.273252739220673,0.9999644650260239,"{'omega': 0.0, 'delta': 2.0}",8
608,5.25769866361586,0.8535533905932737,0.8343206788338348,0.9023689270621825,"{'omega': 0.0, 'delta': -2.0}",10
609,18.385071587024044,0.999946697539036,4.273252739220673,0.9999644650260239,"{'omega': 0.0, 'delta': 2.0}",2
610,15.78421143653593,0.999946697539036,4.273252739220673,0.9999644650260239,"{'omega': 0.0, 'delta': 2.0}",4
611,15.78421143653593,0.999946697539036,4.273252739220673,0.9999644650260239,"{'omega': 0.0, 'delta': 2.0}",4
612,5.678610234097667,0.999946697539036,4.273252739220673,0.9999644650260239,"{'omega': 0.0, 'delta': 2.0}",10
613,5.498219561034036,0.8535533905932737,0.8343206788338348,0.9023689270621825,"{'omega': 0.0, 'delta': 0.0}",10
614,6.159652028934021,0.9633244126553667,1.4356229223792758,0.9755496084369112,"{'omega': 0.0, 'delta': 2.0}",10
615,5.738740458452212,0.9633244126553667,1.4356229223792758,0.9755496084369112,"{'omega': 0.0, 'delta': 2.0}",10
616,11.708157384337468,0.999946697539036,4.273252739220673,0.9999644650260239,"{'omega': 0.0, 'delta': 2.0}",7
617,5.438089336679491,0.8535533905932737,0.8343206788338348,0.9023689270621825,"{'omega': 0.0, 'delta': -2.0}",10
618,5.124403654744341,0.823520776126425,0.7533064148549546,0.8823471840842835,"{'omega': -2.0, 'delta': 2.0}",10
619,16.26525323137228,0.999946697539036,4.273252739220673,0.9999644650260239,"{'omega': 0.0, 'delta': 2.0}",4
620,16.26525323137228,0.999946697539036,4.273252739220673,0.9999644650260239,"{'omega': 0.0, 'delta': 2.0}",4
621,18.385071587024044,0.999946697539036,4.273252739220673,0.9999644650260239,"{'omega': 0.0, 'delta': 2.0}",2
622,15.78421143653593,0.999946697539036,4.273252739220673,0.9999644650260239,"{'omega': 0.0, 'delta': 2.0}",4
623,7.972325433242798,0.999946697539036,4.273252739220673,0.9999644650260239,"{'omega': 0.0, 'delta': 2.0}",9
624,17.396943555317122,0.999946697539036,4.273252739220673,0.9999644650260239,"{'omega': 0.0, 'delta': 2.0}",3
625,5.498219561034036,0.9633244126553667,1.4356229223792758,0.9755496084369112,"{'omega': 0.0, 'delta': 0.0}",10
626,17.396943555317122,0.999946697539036,4.273252739220673,0.9999644650260239,"{'omega': 0.0, 'delta': 2.0}",3
627,18.385071587024044,0.999946697539036,4.273252739220673,0.9999644650260239,"{'omega': 0.0, 'delta': 2.0}",2
628,18.385071587024044,0.999946697539036,4.273252739220673,0.9999644650260239,"{'omega': 0.0, 'delta': 2.0}",2
629,18.385071587024044,0.999946697539036,4.273252739220673,0.9999644650260239,"{'omega': 0.0, 'delta': 2.0}",2
630,18.385071587024044,0.999946697539036,4.273252739220673,0.9999644650260239,"{'omega': 0.0, 'delta': 2.0}",2
631,18.385071587024044,0.999946697539036,4.273252739220673,0.9999644650260239,"{'omega': 0.0, 'delta': 2.0}",2
632,5.59836239994628,0.9311018341725784,1.161792339509392,0.9540678894483857,"{'omega': -2.0, 'delta': 2.0}",10
633,18.385071587024044,0.999946697539036,4.273252739220673,0.9999644650260239,"{'omega': 0.0, 'delta': 2.0}",2
634,18.385071587024044,0.999946697539036,4.273252739220673,0.9999644650260239,"{'omega': 0.0, 'delta': 2.0}",2
635,18.385071587024044,0.999946697539036,4.273252739220673,0.9999644650260239,"{'omega': 0.0, 'delta': 2.0}",2
636,18.385071587024044,0.999946697539036,4.273252739220673,0.9999644650260239,"{'omega': 0.0, 'delta': 2.0}",2
637,4.162372224878128,0.6917126407438013,0.5110442823374817,0.794475093829201,"{'omega': 0.0, 'delta': -2.0}",10
638,17.396943555317122,0.999946697539036,4.273252739220673,0.9999644650260239,"{'omega': 0.0, 'delta': 2.0}",3
639,17.396943555317122,0.999946697539036,4.273252739220673,0.9999644650260239,"{'omega': 0.0, 'delta': 2.0}",3
640,11.854343944180908,0.999946697539036,4.273252739220673,0.9999644650260239,"{'omega': 0.0, 'delta': 2.0}",7
641,6.219782253288565,0.9633244126553667,1.4356229223792758,0.9755496084369112,"{'omega': 0.0, 'delta': 0.0}",10
642,5.798870682806756,0.9633244126553667,1.4356229223792758,0.9755496084369112,"{'omega': 0.0, 'delta': 0.0}",10
643,3.8911155779957296,0.9633244126553667,1.4356229223792758,0.9755496084369112,"{'omega': 0.0, 'delta': 0.0}",10
644,14.569089044707702,0.999946697539036,4.273252739220673,0.9999644650260239,"{'omega': 0.0, 'delta': 2.0}",5
645,5.197568439261316,0.9633244126553667,1.4356229223792758,0.9755496084369112,"{'omega': 0.0, 'delta': 2.0}",10
646,11.287245813855659,0.999946697539036,4.273252739220673,0.9999644650260239,"{'omega': 0.0, 'delta': 2.0}",7
647,18.385071587024044,0.999946697539036,4.273252739220673,0.9999644650260239,"{'omega': 0.0, 'delta': 2.0}",2
648,5.25769866361586,0.999946697539036,4.273252739220673,0.9999644650260239,"{'omega': 0.0, 'delta': 2.0}",10
649,5.531373472487789,0.8535533905932737,0.8343206788338348,0.9023689270621825,"{'omega': 0.0, 'delta': -2.0}",10
650,4.731039669471138,0.9324067070586055,1.1700963955236459,0.954937804705737,"{'omega': 2.0, 'delta': 0.0}",10
651,18.385071587024044,0.999946697539036,4.273252739220673,0.9999644650260239,"{'omega': 0.0, 'delta': 2.0}",2
652,18.385071587024044,0.999946697539036,4.273252739220673,0.9999644650260239,"{'omega': 0.0, 'delta': 2.0}",2
653,4.114420030773441,0.8558951083172724,0.8413212766824841,0.9039300722115149,"{'omega': 0.0, 'delta': 0.0}",10
654,12.729362565805195,0.999946697539036,4.273252739220673,0.9999644650260239,"{'omega': 0.0, 'delta': 2.0}",6
655,16.26525323137228,0.999946697539036,4.273252739220673,0.9999644650260239,"{'omega': 0.0, 'delta': 2.0}",4
656,17.396943555317122,0.999946697539036,4.273252739220673,0.9999644650260239,"{'omega': 0.0, 'delta': 2.0}",3
657,5.163447165017004,0.8558951083172724,0.8413212766824841,0.9039300722115149,"{'omega': -2.0, 'delta': 0.0}",10
658,6.039391580224932,0.9633244126553667,1.4356229223792758,0.9755496084369112,"{'omega': 0.0, 'delta': 0.0}",10
659,6.460303150706741,0.9633244126553667,1.4356229223792758,0.9755496084369112,"{'omega': 0.0, 'delta': 0.0}",10
660,14.990000615189512,0.999946697539036,4.273252739220673,0.9999644650260239,"{'omega': 0.0, 'delta': 2.0}",5
661,6.261963828918297,0.6917126407438013,0.5110442823374817,0.794475093829201,"{'omega': 0.0, 'delta': -2.0}",10
662,4.758212865935732,0.8155357438161195,0.7340877750116535,0.8770238292107463,"{'omega': -2.0, 'delta': 2.0}",10
663,5.6184800097431244,0.9633244126553667,1.4356229223792758,0.9755496084369112,"{'omega': 0.0, 'delta': 0.0}",10
664,4.847340284440635,0.8535533905932737,0.8343206788338348,0.9023689270621825,"{'omega': 0.0, 'delta': -2.0}",10
665,5.077307990552226,0.8535533905932737,0.8343206788338348,0.9023689270621825,"{'omega': 0.0, 'delta': -2.0}",10
666,5.25769866361586,0.8535533905932737,0.8343206788338348,0.9023689270621825,"{'omega': 0.0, 'delta': -2.0}",10
667,4.9570475418431394,0.8535533905932737,0.8343206788338348,0.9023689270621825,"{'omega': 0.0, 'delta': 0.0}",10
668,4.9570475418431394,0.9633244126553667,1.4356229223792758,0.9755496084369112,"{'omega': 0.0, 'delta': 0.0}",10
669,5.317828887970403,0.999946697539036,4.273252739220673,0.9999644650260239,"{'omega': 0.0, 'delta': 2.0}",10
670,13.571185706768812,0.999946697539036,4.273252739220673,0.9999644650260239,"{'omega': 0.0, 'delta': 2.0}",6
671,18.385071587024044,0.999946697539036,4.273252739220673,0.9999644650260239,"{'omega': 0.0, 'delta': 2.0}",2
672,18.385071587024044,0.999946697539036,4.273252739220673,0.9999644650260239,"{'omega': 0.0, 'delta': 2.0}",2
673,18.385071587024044,0.999946697539036,4.273252739220673,0.9999644650260239,"{'omega': 0.0, 'delta': 2.0}",2
674,11.227115589501114,0.999946697539036,4.273252739220673,0.9999644650260239,"{'omega': 0.0, 'delta': 2.0}",7
675,17.396943555317122,0.999946697539036,4.273252739220673,0.9999644650260239,"{'omega': 0.0, 'delta': 2.0}",3
676,5.498219561034036,0.9633244126553667,1.4356229223792758,0.9755496084369112,"{'omega': 0.0, 'delta': 0.0}",10
677,6.305838588777461,0.9633244126553665,1.4356229223792731,0.975549608436911,"{'omega': 0.0, 'delta': 0.0}",10
678,16.855771536126227,0.999946697539036,4.273252739220673,0.9999644650260239,"{'omega': 0.0, 'delta': 2.0}",3
679,15.243039417345033,0.999946697539036,4.273252739220673,0.9999644650260239,"{'omega': 0.0, 'delta': 2.0}",4
680,18.385071587024044,0.999946697539036,4.273252739220673,0.9999644650260239,"{'omega': 0.0, 'delta': 2.0}",2
681,18.385071587024044,0.999946697539036,4.273252739220673,0.9999644650260239,"{'omega': 0.0, 'delta': 2.0}",2
682,16.26525323137228,0.999946697539036,4.273252739220673,0.9999644650260239,"{'omega': 0.0, 'delta': 2.0}",4
683,18.385071587024044,0.999946697539036,4.273252739220673,0.9999644650260239,"{'omega': 0.0, 'delta': 2.0}",2
684,17.396943555317122,0.999946697539036,4.273252739220673,0.9999644650260239,"{'omega': 0.0, 'delta': 2.0}",3
685,18.385071587024044,0.999946697539036,4.273252739220673,0.9999644650260239,"{'omega': 0.0, 'delta': 2.0}",2
686,18.385071587024044,0.999946697539036,4.273252739220673,0.9999644650260239,"{'omega': 0.0, 'delta': 2.0}",2
687,18.385071587024044,0.999946697539036,4.273252739220673,0.9999644650260239,"{'omega': 0.0, 'delta': 2.0}",2
688,18.385071587024044,0.999946697539036,4.273252739220673,0.9999644650260239,"{'omega': 0.0, 'delta': 2.0}",2
689,18.385071587024044,0.999946697539036,4.273252739220673,0.9999644650260239,"{'omega': 0.0, 'delta': 2.0}",2
690,18.385071587024044,0.999946697539036,4.273252739220673,0.9999644650260239,"{'omega': 0.0, 'delta': 2.0}",2
691,15.78421143653593,0.999946697539036,4.273252739220673,0.9999644650260239,"{'omega': 0.0, 'delta': 2.0}",4
692,14.569089044707702,0.999946697539036,4.273252739220673,0.9999644650260239,"{'omega': 0.0, 'delta': 2.0}",5
693,17.396943555317122,0.999946697539036,4.273252739220673,0.9999644650260239,"{'omega': 0.0, 'delta': 2.0}",3
694,18.385071587024044,0.999946697539036,4.273252739220673,0.9999644650260239,"{'omega': 0.0, 'delta': 2.0}",2
695,17.396943555317122,0.999946697539036,4.273252739220673,0.9999644650260239,"{'omega': 0.0, 'delta': 2.0}",3
696,11.227115589501114,0.999946697539036,4.273252739220673,0.9999644650260239,"{'omega': 0.0, 'delta': 2.0}",7
697,7.731804535824621,0.999946697539036,4.273252739220673,0.9999644650260239,"{'omega': 0.0, 'delta': 2.0}",9
698,18.385071587024044,0.999946697539036,4.273252739220673,0.9999644650260239,"{'omega': 0.0, 'delta': 2.0}",2
699,5.738740458452212,0.999946697539036,4.273252739220673,0.9999644650260239,"{'omega': 0.0, 'delta': 2.0}",10
700,12.729362565805195,0.999946697539036,4.273252739220673,0.9999644650260239,"{'omega': 0.0, 'delta': 2.0}",6
701,18.385071587024044,0.999946697539036,4.273252739220673,0.9999644650260239,"{'omega': 0.0, 'delta': 2.0}",2
702,18.385071587024044,0.999946697539036,4.273252739220673,0.9999644650260239,"{'omega': 0.0, 'delta': 2.0}",2
703,18.385071587024044,0.999946697539036,4.273252739220673,0.9999644650260239,"{'omega': 0.0, 'delta': 2.0}",2
704,18.385071587024044,0.999946697539036,4.273252739220673,0.9999644650260239,"{'omega': 0.0, 'delta': 2.0}",2
705,15.78421143653593,0.999946697539036,4.273252739220673,0.9999644650260239,"{'omega': 0.0, 'delta': 2.0}",4
706,15.78421143653593,0.999946697539036,4.273252739220673,0.9999644650260239,"{'omega': 0.0, 'delta': 2.0}",4
707,18.385071587024044,0.999946697539036,4.273252739220673,0.9999644650260239,"{'omega': 0.0, 'delta': 2.0}",2
708,18.385071587024044,0.999946697539036,4.273252739220673,0.9999644650260239,"{'omega': 0.0, 'delta': 2.0}",2
709,3.97640031840466,0.6917126407438013,0.5110442823374817,0.794475093829201,"{'omega': 0.0, 'delta': -2.0}",10
710,18.385071587024044,0.999946697539036,4.273252739220673,0.9999644650260239,"{'omega': 0.0, 'delta': 2.0}",2
711,18.385071587024044,0.999946697539036,4.273252739220673,0.9999644650260239,"{'omega': 0.0, 'delta': 2.0}",2
712,15.78421143653593,0.999946697539036,4.273252739220673,0.9999644650260239,"{'omega': 0.0, 'delta': 2.0}",4
713,15.78421143653593,0.999946697539036,4.273252739220673,0.9999644650260239,"{'omega': 0.0, 'delta': 2.0}",4
714,18.385071587024044,0.999946697539036,4.273252739220673,0.9999644650260239,"{'omega': 0.0, 'delta': 2.0}",2
715,18.385071587024044,0.999946697539036,4.273252739220673,0.9999644650260239,"{'omega': 0.0, 'delta': 2.0}",2
716,18.385071587024044,0.999946697539036,4.273252739220673,0.9999644650260239,"{'omega': 0.0, 'delta': 2.0}",2
717,18.385071587024044,0.999946697539036,4.273252739220673,0.9999644650260239,"{'omega': 0.0, 'delta': 2.0}",2
718,18.385071587024044,0.999946697539036,4.273252739220673,0.9999644650260239,"{'omega': 0.0, 'delta': 2.0}",2
719,17.396943555317122,0.999946697539036,4.273252739220673,0.9999644650260239,"{'omega': 0.0, 'delta': 2.0}",3
720,14.947366652344414,0.999946697539036,4.273252739220673,0.9999644650260239,"{'omega': 0.0, 'delta': 2.0}",4
721,4.030261427140127,0.6917126407438013,0.5110442823374817,0.794475093829201,"{'omega': 0.0, 'delta': -2.0}",10
722,18.385071587024044,0.999946697539036,4.273252739220673,0.9999644650260239,"{'omega': 0.0, 'delta': 2.0}",2
723,18.385071587024044,0.999946697539036,4.273252739220673,0.9999644650260239,"{'omega': 0.0, 'delta': 2.0}",2
724,18.385071587024044,0.999946697539036,4.273252739220673,0.9999644650260239,"{'omega': 0.0, 'delta': 2.0}",2
725,18.385071587024044,0.999946697539036,4.273252739220673,0.9999644650260239,"{'omega': 0.0, 'delta': 2.0}",2
726,18.385071587024044,0.999946697539036,4.273252739220673,0.9999644650260239,"{'omega': 0.0, 'delta': 2.0}",2
727,14.508958820353158,0.999946697539036,4.273252739220673,0.9999644650260239,"{'omega': 0.0, 'delta': 2.0}",5
728,17.396943555317122,0.999946697539036,4.273252739220673,0.9999644650260239,"{'omega': 0.0, 'delta': 2.0}",3
729,18.385071587024044,0.999946697539036,4.273252739220673,0.9999644650260239,"{'omega': 0.0, 'delta': 2.0}",2
730,18.385071587024044,0.999946697539036,4.273252739220673,0.9999644650260239,"{'omega': 0.0, 'delta': 2.0}",2
731,4.7927848946205724,0.8535533905932737,0.8343206788338348,0.9023689270621825,"{'omega': 0.0, 'delta': -2.0}",10
732,18.385071587024044,0.999946697539036,4.273252739220673,0.9999644650260239,"{'omega': 0.0, 'delta': 2.0}",2
733,14.027917025516805,0.999946697539036,4.273252739220673,0.9999644650260239,"{'omega': 0.0, 'delta': 2.0}",5
734,4.931002687880906,0.8558951083172724,0.8413212766824841,0.9039300722115149,"{'omega': 0.0, 'delta': -2.0}",10
735,3.7444733593474764,0.9682633834629201,1.4984393755522176,0.9788422556419466,"{'omega': 0.0, 'delta': 2.0}",10
736,18.385071587024044,0.999946697539036,4.273252739220673,0.9999644650260239,"{'omega': 0.0, 'delta': 2.0}",2
737,18.385071587024044,0.999946697539036,4.273252739220673,0.9999644650260239,"{'omega': 0.0, 'delta': 2.0}",2
738,18.385071587024044,0.999946697539036,4.273252739220673,0.9999644650260239,"{'omega': 0.0, 'delta': 2.0}",2
739,18.385071587024044,0.999946697539036,4.273252739220673,0.9999644650260239,"{'omega': 0.0, 'delta': 2.0}",2
740,18.385071587024044,0.999946697539036,4.273252739220673,0.9999644650260239,"{'omega': 0.0, 'delta': 2.0}",2
741,18.385071587024044,0.999946697539036,4.273252739220673,0.9999644650260239,"{'omega': 0.0, 'delta': 2.0}",2
742,18.385071587024044,0.999946697539036,4.273252739220673,0.9999644650260239,"{'omega': 0.0, 'delta': 2.0}",2
743,18.385071587024044,0.999946697539036,4.273252739220673,0.9999644650260239,"{'omega': 0.0, 'delta': 2.0}",2
744,18.385071587024044,0.999946697539036,4.273252739220673,0.9999644650260239,"{'omega': 0.0, 'delta': 2.0}",2
745,18.385071587024044,0.999946697539036,4.273252739220673,0.9999644650260239,"{'omega': 0.0, 'delta': 2.0}",2
746,18.385071587024044,0.999946697539036,4.273252739220673,0.9999644650260239,"{'omega': 0.0, 'delta': 2.0}",2
747,18.385071587024044,0.999946697539036,4.273252739220673,0.9999644650260239,"{'omega': 0.0, 'delta': 2.0}",2
748,18.385071587024044,0.999946697539036,4.273252739220673,0.9999644650260239,"{'omega': 0.0, 'delta': 2.0}",2
749,16.855771536126227,0.999946697539036,4.273252739220673,0.9999644650260239,"{'omega': 0.0, 'delta': 2.0}",3
750,18.385071587024044,0.999946697539036,4.273252739220673,0.9999644650260239,"{'omega': 0.0, 'delta': 2.0}",2
751,18.385071587024044,0.999946697539036,4.273252739220673,0.9999644650260239,"{'omega': 0.0, 'delta': 2.0}",2
752,18.385071587024044,0.999946697539036,4.273252739220673,0.9999644650260239,"{'omega': 0.0, 'delta': 2.0}",2
753,18.385071587024044,0.999946697539036,4.273252739220673,0.9999644650260239,"{'omega': 0.0, 'delta': 2.0}",2
754,18.385071587024044,0.999946697539036,4.273252739220673,0.9999644650260239,"{'omega': 0.0, 'delta': 2.0}",2
755,18.385071587024044,0.999946697539036,4.273252739220673,0.9999644650260239,"{'omega': 0.0, 'delta': 2.0}",2
756,16.855771536126227,0.999946697539036,4.273252739220673,0.9999644650260239,"{'omega': 0.0, 'delta': 2.0}",3
757,17.396943555317122,0.999946697539036,4.273252739220673,0.9999644650260239,"{'omega': 0.0, 'delta': 2.0}",3
758,18.385071587024044,0.999946697539036,4.273252739220673,0.9999644650260239,"{'omega': 0.0, 'delta': 2.0}",2
759,18.385071587024044,0.999946697539036,4.273252739220673,0.9999644650260239,"{'omega': 0.0, 'delta': 2.0}",2
760,18.385071587024044,0.999946697539036,4.273252739220673,0.9999644650260239,"{'omega': 0.0, 'delta': 2.0}",2
761,18.385071587024044,0.999946697539036,4.273252739220673,0.9999644650260239,"{'omega': 0.0, 'delta': 2.0}",2
762,17.396943555317122,0.999946697539036,4.273252739220673,0.9999644650260239,"{'omega': 0.0, 'delta': 2.0}",3
763,18.385071587024044,0.999946697539036,4.273252739220673,0.9999644650260239,"{'omega': 0.0, 'delta': 2.0}",2
764,18.385071587024044,0.999946697539036,4.273252739220673,0.9999644650260239,"{'omega': 0.0, 'delta': 2.0}",2
765,18.385071587024044,0.999946697539036,4.273252739220673,0.9999644650260239,"{'omega': 0.0, 'delta': 2.0}",2
766,18.385071587024044,0.999946697539036,4.273252739220673,0.9999644650260239,"{'omega': 0.0, 'delta': 2.0}",2
767,18.385071587024044,0.999946697539036,4.273252739220673,0.9999644650260239,"{'omega': 0.0, 'delta': 2.0}",2
768,18.385071587024044,0.999946697539036,4.273252739220673,0.9999644650260239,"{'omega': 0.0, 'delta': 2.0}",2
769,14.508958820353158,0.999946697539036,4.273252739220673,0.9999644650260239,"{'omega': 0.0, 'delta': 2.0}",5
770,18.385071587024044,0.999946697539036,4.273252739220673,0.9999644650260239,"{'omega': 0.0, 'delta': 2.0}",2
771,18.385071587024044,0.999946697539036,4.273252739220673,0.9999644650260239,"{'omega': 0.0, 'delta': 2.0}",2
772,18.385071587024044,0.999946697539036,4.273252739220673,0.9999644650260239,"{'omega': 0.0, 'delta': 2.0}",2
773,18.385071587024044,0.999946697539036,4.273252739220673,0.9999644650260239,"{'omega': 0.0, 'delta': 2.0}",2
774,18.385071587024044,0.999946697539036,4.273252739220673,0.9999644650260239,"{'omega': 0.0, 'delta': 2.0}",2
775,14.027917025516805,0.999946697539036,4.273252739220673,0.9999644650260239,"{'omega': 0.0, 'delta': 2.0}",5
776,17.396943555317122,0.999946697539036,4.273252739220673,0.9999644650260239,"{'omega': 0.0, 'delta': 2.0}",3
777,14.027917025516805,0.999946697539036,4.273252739220673,0.9999644650260239,"{'omega': 0.0, 'delta': 2.0}",5
778,18.385071587024044,0.999946697539036,4.273252739220673,0.9999644650260239,"{'omega': 0.0, 'delta': 2.0}",2
779,18.385071587024044,0.999946697539036,4.273252739220673,0.9999644650260239,"{'omega': 0.0, 'delta': 2.0}",2
780,18.385071587024044,0.999946697539036,4.273252739220673,0.9999644650260239,"{'omega': 0.0, 'delta': 2.0}",2
781,18.385071587024044,0.999946697539036,4.273252739220673,0.9999644650260239,"{'omega': 0.0, 'delta': 2.0}",2
782,18.385071587024044,0.999946697539036,4.273252739220673,0.9999644650260239,"{'omega': 0.0, 'delta': 2.0}",2
783,17.396943555317122,0.999946697539036,4.273252739220673,0.9999644650260239,"{'omega': 0.0, 'delta': 2.0}",3
784,18.385071587024044,0.999946697539036,4.273252739220673,0.9999644650260239,"{'omega': 0.0, 'delta': 2.0}",2
785,18.385071587024044,0.999946697539036,4.273252739220673,0.9999644650260239,"{'omega': 0.0, 'delta': 2.0}",2
786,18.385071587024044,0.999946697539036,4.273252739220673,0.9999644650260239,"{'omega': 0.0, 'delta': 2.0}",2
787,18.385071587024044,0.999946697539036,4.273252739220673,0.9999644650260239,"{'omega': 0.0, 'delta': 2.0}",2
788,16.855771536126227,0.999946697539036,4.273252739220673,0.9999644650260239,"{'omega': 0.0, 'delta': 2.0}",3
789,18.385071587024044,0.999946697539036,4.273252739220673,0.9999644650260239,"{'omega': 0.0, 'delta': 2.0}",2
790,18.385071587024044,0.999946697539036,4.273252739220673,0.9999644650260239,"{'omega': 0.0, 'delta': 2.0}",2
791,16.855771536126227,0.999946697539036,4.273252739220673,0.9999644650260239,"{'omega': 0.0, 'delta': 2.0}",3
792,17.396943555317122,0.999946697539036,4.273252739220673,0.9999644650260239,"{'omega': 0.0, 'delta': 2.0}",3
793,17.396943555317122,0.999946697539036,4.273252739220673,0.9999644650260239,"{'omega': 0.0, 'delta': 2.0}",3
794,18.385071587024044,0.999946697539036,4.273252739220673,0.9999644650260239,"{'omega': 0.0, 'delta': 2.0}",2
795,18.385071587024044,0.999946697539036,4.273252739220673,0.9999644650260239,"{'omega': 0.0, 'delta': 2.0}",2
796,18.385071587024044,0.999946697539036,4.273252739220673,0.9999644650260239,"{'omega': 0.0, 'delta': 2.0}",2
797,15.513944981720464,0.999946697539036,4.273252739220673,0.9999644650260239,"{'omega': 0.0, 'delta': 2.0}",4
798,18.385071587024044,0.999946697539036,4.273252739220673,0.9999644650260239,"{'omega': 0.0, 'delta': 2.0}",2
799,18.385071587024044,0.999946697539036,4.273252739220673,0.9999644650260239,"{'omega': 0.0, 'delta': 2.0}",2
800,18.385071587024044,0.999946697539036,4.273252739220673,0.9999644650260239,"{'omega': 0.0, 'delta': 2.0}",2
801,18.385071587024044,0.999946697539036,4.273252739220673,0.9999644650260239,"{'omega': 0.0, 'delta': 2.0}",2
802,18.385071587024044,0.999946697539036,4.273252739220673,0.9999644650260239,"{'omega': 0.0, 'delta': 2.0}",2
803,18.385071587024044,0.999946697539036,4.273252739220673,0.9999644650260239,"{'omega': 0.0, 'delta': 2.0}",2
804,18.385071587024044,0.999946697539036,4.273252739220673,0.9999644650260239,"{'omega': 0.0, 'delta': 2.0}",2
805,18.385071587024044,0.999946697539036,4.273252739220673,0.9999644650260239,"{'omega': 0.0, 'delta': 2.0}",2
806,18.385071587024044,0.999946697539036,4.273252739220673,0.9999644650260239,"{'omega': 0.0, 'delta': 2.0}",2
807,18.385071587024044,0.999946697539036,4.273252739220673,0.9999644650260239,"{'omega': 0.0, 'delta': 2.0}",2
808,3.573124806324799,0.957843351958488,1.3751339280362036,0.9718955679723255,"{'omega': -2.0, 'delta': 2.0}",10
809,18.385071587024044,0.999946697539036,4.273252739220673,0.9999644650260239,"{'omega': 0.0, 'delta': 2.0}",2
810,18.385071587024044,0.999946697539036,4.273252739220673,0.9999644650260239,"{'omega': 0.0, 'delta': 2.0}",2
811,18.385071587024044,0.999946697539036,4.273252739220673,0.9999644650260239,"{'omega': 0.0, 'delta': 2.0}",2
812,18.385071587024044,0.999946697539036,4.273252739220673,0.9999644650260239,"{'omega': 0.0, 'delta': 2.0}",2
813,18.385071587024044,0.999946697539036,4.273252739220673,0.9999644650260239,"{'omega': 0.0, 'delta': 2.0}",2
814,18.385071587024044,0.999946697539036,4.273252739220673,0.9999644650260239,"{'omega': 0.0, 'delta': 2.0}",2
815,18.385071587024044,0.999946697539036,4.273252739220673,0.9999644650260239,"{'omega': 0.0, 'delta': 2.0}",2
816,18.385071587024044,0.999946697539036,4.273252739220673,0.9999644650260239,"{'omega': 0.0, 'delta': 2.0}",2
817,18.385071587024044,0.999946697539036,4.273252739220673,0.9999644650260239,"{'omega': 0.0, 'delta': 2.0}",2
818,18.385071587024044,0.999946697539036,4.273252739220673,0.9999644650260239,"{'omega': 0.0, 'delta': 2.0}",2
819,18.385071587024044,0.999946697539036,4.273252739220673,0.9999644650260239,"{'omega': 0.0, 'delta': 2.0}",2
820,18.385071587024044,0.999946697539036,4.273252739220673,0.9999644650260239,"{'omega': 0.0, 'delta': 2.0}",2
821,18.385071587024044,0.999946697539036,4.273252739220673,0.9999644650260239,"{'omega': 0.0, 'delta': 2.0}",2
822,18.385071587024044,0.999946697539036,4.273252739220673,0.9999644650260239,"{'omega': 0.0, 'delta': 2.0}",2
823,18.385071587024044,0.999946697539036,4.273252739220673,0.9999644650260239,"{'omega': 0.0, 'delta': 2.0}",2
824,18.385071587024044,0.999946697539036,4.273252739220673,0.9999644650260239,"{'omega': 0.0, 'delta': 2.0}",2
825,18.385071587024044,0.999946697539036,4.273252739220673,0.9999644650260239,"{'omega': 0.0, 'delta': 2.0}",2
826,18.385071587024044,0.999946697539036,4.273252739220673,0.9999644650260239,"{'omega': 0.0, 'delta': 2.0}",2
827,18.385071587024044,0.999946697539036,4.273252739220673,0.9999644650260239,"{'omega': 0.0, 'delta': 2.0}",2
828,18.385071587024044,0.999946697539036,4.273252739220673,0.9999644650260239,"{'omega': 0.0, 'delta': 2.0}",2
829,18.385071587024044,0.999946697539036,4.273252739220673,0.9999644650260239,"{'omega': 0.0, 'delta': 2.0}",2
830,18.385071587024044,0.999946697539036,4.273252739220673,0.9999644650260239,"{'omega': 0.0, 'delta': 2.0}",2
831,18.385071587024044,0.999946697539036,4.273252739220673,0.9999644650260239,"{'omega': 0.0, 'delta': 2.0}",2
832,18.385071587024044,0.999946697539036,4.273252739220673,0.9999644650260239,"{'omega': 0.0, 'delta': 2.0}",2
833,18.385071587024044,0.999946697539036,4.273252739220673,0.9999644650260239,"{'omega': 0.0, 'delta': 2.0}",2
834,18.385071587024044,0.999946697539036,4.273252739220673,0.9999644650260239,"{'omega': 0.0, 'delta': 2.0}",2
