,loss_crab_h,fid_crab_h,inf_crab_h
0,3.0602354573808097,0.05519729178516577,-0.02465887051618363
1,3.0681157777094903,0.054275521149170065,-0.024235369669166357
2,3.0558286527548173,0.0557162502243977,-0.024897484044126648
3,3.0713313094416446,0.05390157485068877,-0.024063680431521246
4,3.048306582614654,0.056607484577464486,-0.02530757363153641
5,3.0581801740753094,0.055439031932036587,-0.02477000466545439
6,3.062080055488111,0.054980826902359746,-0.02455938018276201
7,3.058586457800032,0.055391224204362405,-0.024748023970079486
8,3.0589054573067154,0.05535369873818552,-0.02473077155870158
9,3.060520653639274,0.05516383220635572,-0.024643490529425275
10,3.060063258181546,0.05521753710680183,-0.02466817671905361
11,3.0612044087192287,0.055083562889466,-0.02460659625943267
12,3.0483884194289526,0.056597794858752215,-0.025303112954047635
13,3.0559511495247866,0.055701748821747304,-0.024890814617913863
14,3.0439108557948087,0.0571316789633319,-0.025548955661727716
15,3.045440281828898,0.05694898602416343,-0.025464813637051744
16,3.0592935881795382,0.055308030376791106,-0.024709776358783537
17,3.062552683348423,0.05492548628185834,-0.02453394850571513
18,3.0603199798237664,0.055187413360491655,-0.0246543297555986
19,3.0600665042535304,0.05521717736950702,-0.024668011356233668
20,3.060942378997496,0.05511431572158853,-0.024620730845423145
21,3.043532394102685,0.05717691018527896,-0.02556979011002827
22,3.0296497984803747,0.05884868158552775,-0.02634054504334983
23,3.0428716830887663,0.05725591410827915,-0.025606183369594762
24,3.046498154557205,0.056822843617009754,-0.025406726336370523
25,3.0456471215245906,0.056924339383143376,-0.025453463497808956
26,3.044729920895142,0.0570337943868945,-0.025503871397071776
27,3.043381741068211,0.05719493108877754,-0.025578091194112487
28,3.042086241146149,0.0573499477938982,-0.02564950408433133
29,3.0404580586957985,0.05754504734912009,-0.02573939898179207
30,3.0385708815639134,0.05777158123532373,-0.02584380104604145
31,3.036591358678024,0.058009777803130984,-0.025953605134918574
32,3.034250508722364,0.05829195995486426,-0.026083721677214664
33,3.0329454401082008,0.058449671744650225,-0.026156460884269997
34,3.030301655832376,0.0587696705733414,-0.026304086924815083
35,3.027754310648662,0.05907889379044472,-0.026446789510303118
36,3.0123088558212885,0.06097083504058999,-0.027320918932784117
37,3.0236354885011636,0.05958048746840218,-0.02667836838494819
38,3.0226182375408266,0.05970466699271667,-0.026735719431420196
39,3.019442388215623,0.060093309980396435,-0.026915259188655234
40,3.024010024210874,0.05953476963123834,-0.026657255975499776
41,3.021666150023245,0.0598210678749636,-0.026789484869055136
42,3.020818765367946,0.05992466788243788,-0.026837343195955297
43,3.019487002513249,0.06008780747705356,-0.02691271670239695
44,3.0169057020003156,0.060404646590794,-0.027059139610195175
45,3.0148413355040606,0.06065860994388874,-0.027176540990427826
46,3.01274277654981,0.060917301692120174,-0.02729616083578335
47,3.0101983418832736,0.06123171250376933,-0.027441589714707344
48,2.993601770157659,0.0633023386871823,-0.028400564087445127
49,3.005877988617582,0.061767385755824085,-0.02768947445847141
50,3.002958360216601,0.06213071949197988,-0.027857689030521975
51,3.00084079152214,0.06239493245371615,-0.02798005405482373
52,2.9989560856618036,0.06263051668600006,-0.028089189330922026
53,2.997177894824892,0.0628532468630619,-0.02819239514522819
54,2.9958129057297973,0.06302445814484595,-0.028271745479327422
55,2.993880197947642,0.0632673335855206,-0.028384334476696457
56,2.992410161351474,0.06345229990509195,-0.028470098309622882
57,2.9735004961932177,0.06585630660680122,-0.029586313868616963
58,2.9874279469711564,0.06408139356632368,-0.028761918691116953
59,2.989475436432691,0.0638224645200576,-0.028641784415748002
60,2.9863735665327207,0.0642149119311492,-0.028823879662124446
61,2.9837748203067633,0.06454461727763121,-0.028976921685688977
62,2.9809687323376357,0.06490155874301233,-0.029142666941101347
63,2.9777360602808822,0.06531397072892776,-0.02933424865063151
64,2.975077022577787,0.0656541691153652,-0.02949234791770499
65,2.9705343871697845,0.06623748478159902,-0.029763564288869705
66,2.9460726726430164,0.06942262492829575,-0.03124751058306371
67,2.9660232403705273,0.0668193063708519,-0.03003425480869652
68,2.963216653807244,0.06718243457738944,-0.03020328452514825
69,2.9603583758815475,0.0675533786229347,-0.030376020328836583
70,2.9556457193913617,0.0681671839826768,-0.030661999227690424
71,2.956886174616591,0.06800537635359777,-0.030586592932965964
72,2.955303315992499,0.06821193629085574,-0.03068285720444927
73,2.9528582087342685,0.06853162696367052,-0.030831886499337224
74,2.950136346669461,0.06888838211541848,-0.030998254436762337
75,2.9472119761076834,0.06927259978444283,-0.03117750045562165
76,2.9437206152224014,0.06973281945583013,-0.03139230050919267
77,2.9176979060069663,0.0732110864437766,-0.033019169972862326
78,2.9385370907276656,0.07041899128865378,-0.03171275747538516
79,2.9328533192385358,0.07117513198065105,-0.03206616547124873
80,2.9313147564338884,0.07138049614049495,-0.03216219905708805
81,2.927803066239349,0.07185037285302989,-0.03238200545560812
82,2.922922243677832,0.07250598818584136,-0.03268888564225643
83,2.9194154288503578,0.07297888701951755,-0.0329103746510757
84,2.9161592801374088,0.07341942322664519,-0.03311680783301973
85,2.8839124499758046,0.077853285083949,-0.03519997655004511
86,2.9096178473365075,0.07430837937544989,-0.03353366749356348
87,2.906454349100098,0.07474010434623725,-0.033736261428914
88,2.9007908456867195,0.07551628005759578,-0.03410073231598447
89,2.9018346736370995,0.07537298964939429,-0.03403342403347153
90,2.8985459292497375,0.07582504309892663,-0.034245804078546396
91,2.8951590046574998,0.07629210161654511,-0.03446534282329632
92,2.892638157958524,0.07664058220726376,-0.03462921687170785
93,2.8872496657550943,0.07738830167866026,-0.03498104302474339
94,2.880985851683712,0.07826203999252858,-0.03539252655772093
95,2.8438920470590854,0.08353661435457481,-0.037884881197990404
96,2.8725527400266775,0.07944606437436301,-0.03595076092599627
97,2.867531752659411,0.08015527261767952,-0.03628547671125493
98,2.862515808379161,0.08086691199924562,-0.036621599386973125
99,2.8552643026723876,0.08190123388942001,-0.03711059628289187
100,2.8549024002852823,0.08195297535424316,-0.03713507258839806
101,2.852282549824874,0.08232846391508983,-0.03731273883392849
102,2.8460138440060856,0.08323023338605356,-0.03773971737628685
103,2.8412609795221315,0.08391724808978603,-0.038065293717836936
104,2.797993285655585,0.09030127660085766,-0.041102414744100306
105,2.833671662316118,0.08502009085741669,-0.038588441938258146
106,2.8286512950976213,0.08575366486946168,-0.03893677190955076
107,2.821607819732048,0.08678800375812283,-0.03942839211453204
108,2.8208094296740764,0.08690559744676671,-0.039484319521005555
109,2.8154576949111747,0.08769627531756992,-0.03986055202897743
110,2.811324925644222,0.08830930865761924,-0.0401524794652587
111,2.803445160503465,0.08948395813469984,-0.04071239821370029
112,2.796221469152692,0.09056767832111079,-0.04122961481384305
113,2.7452599686235106,0.09839829125377082,-0.04498527387149395
114,2.7846097765031144,0.09232337447853056,-0.04206884835734031
115,2.7759693156800216,0.09364070366700382,-0.04269960642676807
116,2.7707953739923568,0.09443392528852926,-0.04307985585719966
117,2.762587232003357,0.09569935028748387,-0.04368715713131547
118,2.762921624388051,0.09564760338865784,-0.04366230615985075
119,2.7574901465956496,0.09648939768269785,-0.04406674680987445
120,2.7520110077683078,0.097342231094373,-0.04447687565289946
121,2.748806158458189,0.09784292208271392,-0.04471783925017516
122,2.739068000861599,0.09937186840247306,-0.045454491742658865
123,2.6818793415293842,0.10859008862658937,-0.04992254140661815
124,2.72423078436878,0.10172420017326671,-0.04659030035601582
125,2.718426527206426,0.10265185485030393,-0.047039030552912635
126,2.707958123253774,0.10433576769681824,-0.04785476867212683
127,2.7056223573977563,0.10471332614010304,-0.04803787983433617
128,2.6982930037690984,0.10590259694114287,-0.04861516654331316
129,2.6928917667683794,0.10678324059379722,-0.049043136866441454
130,2.6803742705099407,0.10883829577862117,-0.05004348465091748
131,2.609484471036431,0.12084584791634768,-0.055934968464752516
132,2.666337753153208,0.11116590982046509,-0.051179296896916596
133,2.6553886714861563,0.11299868414190667,-0.05207573589602441
134,2.648366019976263,0.11418219649354151,-0.052655595346233076
135,2.639357830567328,0.11570918917142549,-0.0534048879636965
136,2.6377745074493215,0.1159786790529073,-0.05353726048691713
137,2.6329749437624783,0.11679737259743303,-0.053939647648459536
138,2.6235606224296406,0.11841159950949831,-0.05473413268932841
139,2.6179762365560433,0.11937427242340648,-0.055208630730535196
140,2.6041824960179984,0.12176915870364319,-0.05639131561510391
141,2.5255616794527036,0.1358730348699091,-0.06342244246977723
142,2.585830311823002,0.12499226369576695,-0.05798810718410294
143,2.5748358552718704,0.12694331773923573,-0.05895755927960199
144,2.5604493396890637,0.12951912871642052,-0.06024076801277843
145,2.5457088933757253,0.13218513354845285,-0.06157291428681384
146,2.5486675280586084,0.1316478232717025,-0.06130410271522082
147,2.537380985799794,0.13370336234348454,-0.062333371218050666
148,2.5308717087393884,0.13489604391857518,-0.06293170196892674
149,2.5155364125930393,0.13772705908078595,-0.06435524232782236
150,2.4204315525236506,0.15593973654540558,-0.07362654490104752
151,2.4951966778416668,0.14152705693698603,-0.0662733881717943
152,2.481449248696332,0.14412475088651816,-0.06758953271762055
153,2.472761956781107,0.14577851865419786,-0.0684295114474266
154,2.4678762586005933,0.1467126306418457,-0.06890468289033648
155,2.460311648017032,0.14816500949343514,-0.06964452454424709
156,2.448508535739797,0.1504453609755209,-0.07080868428906907
157,2.4378174966077584,0.15252588947045925,-0.07187356017608874
158,2.419977435430689,0.15602947836597666,-0.07367272223128458
159,2.3112915457988024,0.17823345937987603,-0.08525154562449265
160,2.3918230344784677,0.1616395692069158,-0.07656922784812847
161,2.379595886925048,0.16410678344012716,-0.07784919914095845
162,2.360538201064927,0.16798968425080674,-0.07987128903959104
163,2.3459584399075664,0.17099079708079065,-0.08144064827379688
164,2.3437413461726653,0.17144959190435413,-0.08168106444219736
165,2.3313856396778205,0.17401701612854062,-0.08302889951599679
166,2.323096552642676,0.17575032160746862,-0.08394121363870834
167,2.3121848066072985,0.1780449924628139,-0.08515195437370954
168,2.292038315271936,0.18232077336801636,-0.08741703547976322
169,2.1654224834564086,0.21035472179986145,-0.10256795721191046
170,2.2633651271929325,0.18849374235324418,-0.09070812691479484
171,2.243015243627541,0.19293719348188965,-0.09309266668701167
172,2.2201477267823146,0.19799208922117056,-0.09582134793697218
173,2.2229437521571773,0.19737054701096068,-0.09548490760252815
174,2.2101341136752213,0.20022629969500952,-0.0970328812730314
175,2.194595206883747,0.20371781861656,-0.09893300248727026
176,2.1715947331122387,0.20894162706424604,-0.10179146832466372
177,2.149187184051812,0.21409425358420728,-0.10462953572397166
178,1.9936716367639753,0.2515845840757774,-0.12585727544531702
179,2.115798210236941,0.22188852990851562,-0.10895818273028333
180,2.0956413904581583,0.22666134498500118,-0.11163028124812104
181,2.0799997632710476,0.23040010087974408,-0.11373499789789293
182,2.0779180233301595,0.23089991760205772,-0.11401714211665642
183,2.05818229348637,0.23566594528729357,-0.11671679010189114
184,2.047977144885001,0.23814949849918676,-0.11813024223403285
185,2.029536938016008,0.24267028610854366,-0.1207150032626235
186,2.0032618079533377,0.24918511676609933,-0.12446712704391023
187,1.98330690539051,0.2541906028027518,-0.1273721488304385
188,1.811217340538668,0.29942318004879964,-0.15454423632153141
189,1.939481744932295,0.26535857044970473,-0.1339245835897842
190,1.9141997759768243,0.2719101588762399,-0.13781502852081406
191,1.8750607232243843,0.2822105332405136,-0.1440029190339799
192,1.8836830923681815,0.2799247707500696,-0.142622128650132
193,1.8686112962746946,0.2839260056182441,-0.14504209823501707
194,1.853077215510028,0.28807979401641937,-0.1475686805808568
195,1.819504882892288,0.29715990644716095,-0.1531434721168358
196,1.7926761482272862,0.3045174457403087,-0.15771375953789446
197,1.5902333750861022,0.36293590919247015,-0.19581687396937125
198,1.745850574858216,0.3175742272444311,-0.1659445797975008
199,1.725453752996695,0.32334759408445035,-0.16963436965982107
200,1.6899604965564385,0.33351761393195717,-0.1762113237212934
201,1.6953309104159555,0.3319688311740267,-0.17520327385180076
202,1.673482427195478,0.33829271718922554,-0.17933408544537757
203,1.6496368838128546,0.345262978232049,-0.18393310142571706
204,1.6081764900687503,0.35755125797671206,-0.19216151693747513
205,1.585331679819426,0.36441392897749014,-0.19682562899824446
206,1.3555748122521496,0.43706145534476987,-0.24953901398330142
207,1.5250334382535662,0.3828413705748172,-0.20960319410361175
208,1.4991414167393398,0.39089339915275356,-0.21530669405300035
209,1.4710488929198593,0.39972450239709134,-0.22164938356904323
210,1.4309123096947127,0.4125132044388404,-0.23100189021260156
211,1.4325958002074355,0.41197282373923233,-0.23060260210863395
212,1.4083979250942713,0.4197750380855733,-0.23640359130636765
213,1.3922822059717024,0.42501193009950167,-0.24034116614538234
214,1.3533103022264177,0.43781038436742836,-0.25011718063381383
215,1.1059166940393648,0.5234821608459401,-0.3219208362614373
216,1.284095392469619,0.4610085426475822,-0.2684181180305272
217,1.244184526330909,0.4746574151430395,-0.279557393373965
218,1.222563348550909,0.48213449838227035,-0.28578301919273136
219,1.169941898849917,0.5005767455571541,-0.3015312396356927
220,1.1792849571368131,0.49727713790082784,-0.2986713641100069
221,1.1460074676849192,0.509079620179917,-0.30898893844466724
222,1.1200199898614471,0.5183929126594097,-0.3173071306159675
223,1.0694169158949305,0.536769787457505,-0.33420312304445726
224,0.7883616446978635,0.6446636035243453,-0.44936030622027157
225,1.0031647718649646,0.5613138465493158,-0.357846073310724
226,0.9625484305443487,0.5766318382584115,-0.37328180503140684
227,0.9402700780912215,0.5851217098489323,-0.3820792904404352
228,0.8882797711777739,0.6051750914582505,-0.4035954565571184
229,0.8943016644566357,0.6028350250499674,-0.4010290579023085
230,0.8551066534386764,0.6181469483013304,-0.41810373424667335
231,0.8271071873574539,0.6292029614784062,-0.430863743132897
232,0.8028633728332525,0.6388552099723036,-0.44231864600801774
233,0.7471373646971254,0.6613197049818642,-0.47021007059433423
234,0.4661793910169651,0.7804928668859865,-0.658551362338853
235,0.6801971440674076,0.6888180564756825,-0.506985611088711
236,0.6307567105492045,0.709487553737055,-0.5368352566384469
237,0.6009535834595264,0.7220947325085247,-0.5561032214097431
238,0.5955306982569489,0.7244009577975379,-0.5597222960783026
239,0.5705711933617713,0.7350612522932669,-0.5768545208095786
240,0.5280294532687053,0.7534112373461601,-0.6080267186106353
241,0.5078923640234232,0.7621761111904232,-0.6237445237412933
242,0.4645997825924789,0.7811909030291329,-0.6599346262045934
243,0.2375023319400619,0.8847742345902257,-0.9384503983074794
244,0.39779495233767354,0.8109924988111895,-0.7235209595290724
245,0.3593794766487905,0.8283824571730334,-0.7654383204293935
246,0.3153184286563365,0.8485548424745141,-0.819744608719918
247,0.3230655667760055,0.8449904335679668,-0.8096414984720401
248,0.3029628067386772,0.854255143603305,-0.8364067633473369
249,0.27257971077850335,0.8683537683991963,-0.8805915681446982
250,0.2537414981293938,0.8771533471195695,-0.9106366719503817
251,0.22775565280135104,0.8893640192445165,-0.9561036099000195
252,0.13888523212224946,0.9317630162129749,-1.165980178112536
253,0.18364587627752624,0.9102849922112799,-1.0471349008283939
254,0.16051283920665746,0.9213536677391483,-1.1043215262640285
255,0.143206465418158,0.9296783589040944,-1.1529110026871339
256,0.12818814962390307,0.9369328040994472,-1.2001964782184975
257,0.2225320245913421,0.8918291670976338,-0.9658898262643544
258,0.1307420618747832,0.9356972377939391,-1.191770371009147
259,0.1235944422635557,0.9391574382545879,-1.2157925084836927
260,0.18280204787935958,0.9106874191043433,-1.0490873604987245
261,0.11392212887475771,0.9438499835050886,-1.2506501118219726
262,0.20640539014399797,0.8994600920205613,-0.9976615166018792
263,0.11106314967869861,0.9452395171907801,-1.2615327314574114
264,0.2765429973102608,0.8665084750878281,-0.8745463058403368
265,0.11510838052050426,0.9432740713980452,-1.2462183859956233
266,0.1310652371690958,0.9355407823368233,-1.190714969792148
267,0.1556938645247329,0.9236677584590676,-1.1172919841195919
268,0.16805946269916267,0.917735666695754,-1.0847884176015108
269,0.1675981208369707,0.9179563249242165,-1.08595489402057
270,0.19009438226348946,0.9072113387737856,-1.0325050913215816
271,0.20922256255313101,0.8981245954639425,-0.9919306537127898
272,0.25742719078613496,0.8754281017683143,-0.9045799177040351
273,0.3118644999990331,0.8501463452744332,-0.8243326607410845
274,0.17142832605928693,0.9161225143588074,-1.0763545966678552
275,0.28128995561184617,0.8643000478874193,-0.867420305599258
276,0.1618149921240438,0.9207288571619082,-1.1008848806144824
277,0.28355106567906657,0.8632498405407465,-0.8640721585796614
278,0.1467330536789256,0.9279791442674867,-1.1425417227633918
279,0.26185464187107954,0.8733581988464695,-0.897422921381039
280,0.1560508485701799,0.923496446126897,-1.116318389792415
281,0.22314037588763283,0.8915417753694536,-0.9647375088759239
282,0.1400642622544262,0.9311937289611777,-1.162371978138864
283,0.2030190951174955,0.9010664242899226,-1.0046562941360533
284,0.14076119578146493,0.9308575535406179,-1.1602552579290946
285,0.2100932921330851,0.8977119652760596,-0.9901751654792985
286,0.13234190931036555,0.9349235618711856,-1.1865762256081687
287,0.17664220679703707,0.9136289475770164,-1.063631788533438
288,0.13064287980721995,0.9357452482593157,-1.1920947500441157
289,0.18241409985113707,0.9108724463394985,-1.0499880136643267
290,0.1311829791798859,0.9354840605168316,-1.1903329741340833
291,0.16985386387987475,0.9168765601277886,-1.0802764928015978
292,0.1296705553064751,0.9362157984598781,-1.1952868766642206
293,0.18165007033848496,0.9112372558845206,-1.0517692799439888
294,0.12776047707275923,0.9371400137243664,-1.2016257181389485
295,0.16028386212480628,0.9214636021343129,-1.1049290218704202
296,0.18371833486961853,0.9102505284686973,-1.0469680999832343
297,0.12681415604059246,0.9375980665271559,-1.204801953849975
298,0.15743093300151273,0.9228335189198057,-1.112571303848772
299,0.12811327994477995,0.9369690988933363,-1.200446484039636
300,0.16626913020843923,0.9185932407567263,-1.0893395339291754
301,0.12692662387644738,0.9375434891660313,-1.204422281519209
302,0.14908186910809787,0.9268482377159067,-1.1357752069134042
303,0.12539222584304774,0.9382865692211122,-1.209620309574536
304,0.15005139517124388,0.9263813941220788,-1.1330124110846618
305,0.12419486943064718,0.9388664453268326,-1.213720350978443
306,0.14049690720099373,0.930985159592532,-1.1610575119573774
307,0.1518243732534452,0.9255285349388896,-1.1280101022906812
308,0.12246333133486063,0.9397056695813062,-1.2197235234094015
309,0.1407692945856707,0.930853848915932,-1.1602319892274435
310,0.12298964305687655,0.9394505567027296,-1.2178898454859985
311,0.15309892735927444,0.9249156146502713,-1.1244503700734723
312,0.12141996692760125,0.9402113965072602,-1.2233815904580914
313,0.09719793776800771,0.9519913985469491,-1.3186809453549224
314,0.08030595776158354,0.9602498010473077,-1.4006606933259969
315,0.1273353909925931,0.9373455750801689,-1.2030482518780676
316,0.11903395232899493,0.9413684897802503,-1.2318689191930527
317,0.12870560603999834,0.9366822674457819,-1.1984746458757418
318,0.1144297663526429,0.9436034357732987,-1.248747353159132
319,0.12811432066451445,0.9369686134496046,-1.2004431392560706
320,0.12956506859464256,0.9362669383401996,-1.1956352180332583
321,0.11728059939177868,0.9422194670196764,-1.2382184564456826
322,0.1225074040643829,0.9396843283645551,-1.2195698317982415
323,0.10912048439005215,0.9461838366147339,-1.2690872668100959
324,0.13346823108842765,0.9343792337664689,-1.1829587027970976
325,0.11545821017727202,0.9431040729735015,-1.2449188220623741
326,0.11174801571942744,0.9449065843283547,-1.2589003014810518
327,0.11706922076337388,0.9423219286191518,-1.23898926983264
328,0.12699421010413992,0.9375108476627533,-1.204195366479225
329,0.11436735055436445,0.9436339461343324,-1.2489823686631225
330,0.1125417350284378,0.9445205949534268,-1.2558682048874275
331,0.1163794842082284,0.9426566834336721,-1.2415171923661474
332,0.12316249422182486,0.9393669082086515,-1.2172902857368846
333,0.09707270766480555,0.9520525709661042,-1.3192346749652015
334,0.12063959105350841,0.940589803078894,-1.2261390081079453
335,0.11854082614507612,0.9416077145667638,-1.2336445264336058
336,0.09650491528489408,0.952329641565034,-1.3217515825864332
337,0.09898421484571031,0.9511203067244755,-1.3108715279939207
338,0.10524191806302297,0.9480711376828689,-1.2845911920362636
339,0.0930827043174921,0.9539999971005694,-1.3372421409443676
340,0.12377599209553232,0.9390695813076281,-1.2151658375465961
341,0.10674744013353978,0.9473383924595035,-1.2785058878180398
342,0.09976629570848414,0.9507390020846362,-1.3074967945930154
343,0.1028697540527034,0.9492264156519113,-1.2943621766062532
344,0.11117535423199676,0.9451849785014649,-1.2611004112244286
345,0.12956158234214854,0.9362682773077267,-1.1956443422193845
346,0.10380977891094327,0.9487688442524214,-1.290465846561017
347,0.10387695804224588,0.948735958667077,-1.2901871597708827
348,0.10594333756293536,0.9477298004139326,-1.2817458416094956
349,0.08781193848066716,0.9565758869490264,-1.3622690433702533
350,0.08900862019816999,0.9559908672569438,-1.3564571896878208
351,0.08340337731398656,0.9587330117155995,-1.3843972253119097
352,0.08727988517039284,0.9568362291426973,-1.3648806216586797
353,0.08939259311778182,0.9558033504536274,-1.3546106523403707
354,0.08624626549060112,0.9573417069892772,-1.36999652701261
355,0.1084279819746353,0.9465207160896181,-1.2718144165905279
356,0.07483122200321739,0.9629346531672854,-1.4310319316860587
357,0.061236348302412785,0.9696161192036431,-1.5173567564507244
358,0.08077582538381259,0.9600196000814702,-1.398152866007246
359,0.09711628224645674,0.9520314755961853,-1.3190436409907929
360,0.08395434056545549,0.9584634053593487,-1.381569111782553
361,0.1087413182074966,0.9463683211039045,-1.270578607588538
362,0.0909924194937879,0.9550213611472371,-1.346993691356558
363,0.10353122626971768,0.9489041133652734,-1.2916140604082222
364,0.07333786636130735,0.9636672155623989,-1.4397013178117444
365,0.06752156785981321,0.9665237453820097,-1.4752631375882577
366,0.10213733930505277,0.949583454458142,-1.2974269147782804
367,0.09190399432060113,0.9545758301695025,-1.3427130010882509
368,0.10936018504945053,0.9460673198051099,-1.2681479968279463
369,0.08669204167738868,0.9571234663357172,-1.3677803322547666
370,0.07108687675497227,0.9647722919321958,-1.453115611314488
371,0.06789064406942558,0.9663427048362961,-1.4729207886180156
372,0.09844091659481853,0.9513851926999811,-1.3132314313705953
373,0.08406660896493055,0.9584083275915397,-1.3809936162264846
374,0.06345424458835033,0.9685245214290275,-1.5020276579110448
375,0.06090087102250707,0.9697813930237882,-1.5197255597351953
376,0.04618191400273729,0.9770424803005827,-1.639075034350852
377,0.06038042708037593,0.9700374708367998,-1.5234215302495453
378,0.0869563115373847,0.956994206760541,-1.3664730373864473
379,0.06465050677792634,0.9679359711174488,-1.493981908946055
380,0.06278079133720121,0.9688556312305946,-1.506620466932789
381,0.05666928392720674,0.9718660232971551,-1.5507688765074954
382,0.05360650204559472,0.9733761861318817,-1.5747297316097615
383,0.06524461803195436,0.9676436061110388,-1.4900398863611728
384,0.08038878586380946,0.9602094045248223,-1.4002195614907393
385,0.05896452744818371,0.9707350101685438,-1.5336516224516707
386,0.04920875404949572,0.9755468515703427,-1.6116652159842162
387,0.05552404121963674,0.9724306180866297,-1.5595729703694388
388,0.05073526359532195,0.9747932887116231,-1.5984838128907632
389,0.04150481128368714,0.9793551747941752,-1.6851887898281326
390,0.027502318487703126,0.9862961147360743,-1.8631562861672193
391,0.04527228742775498,0.9774919545291877,-1.6476622161543109
392,0.06572498908875316,0.9674075004734963,-1.4868823321110431
393,0.03623287845015248,0.9819658277085458,-1.7439037855609303
394,0.03712929125348413,0.9815214795725516,-1.733332805622369
395,0.03721456788474275,0.9814791289130065,-1.7323385911217968
396,0.03530440422875202,0.9824258495767138,-1.7551256606408243
397,0.032478613941245606,0.9838266096936455,-1.791198932659601
398,0.0649830372154631,0.967772259674211,-1.4917701443308085
399,0.0398288353025467,0.9801847892824358,-1.7030013049604356
400,0.0673625714326212,0.9666022985648074,-1.4762834220615881
401,0.0506079190703998,0.9748560734752292,-1.5995669010778615
402,0.03426145071013108,0.9829425375453544,-1.768085575977014
403,0.02869343268977059,0.9857047808530046,-1.8448091824814872
404,0.03181772078079647,0.9841544057840539,-1.8000914699563166
405,0.027358449368839646,0.986367483495629,-1.8654239678569544
406,0.021782906059423107,0.9891381864988016,-1.9640976583741552
407,0.021826427369506872,0.9891166257373691,-1.9632364358465813
408,0.03358030331567502,0.9832801337805707,-1.7767672018010732
409,0.021662400256753103,0.9891983013055077,-1.966507941213721
410,0.016712093242486063,0.9916613375726251,-2.0789036072756577
411,0.03261934995376479,0.9837567836674637,-1.7893279715745787
412,0.016637397049612597,0.991698513303565,-2.080844123739683
413,0.009350766368997177,0.9953299957032335,-2.3306827198490696
414,0.01681685008598776,0.9916092160366262,-2.076197460498904
415,0.024943737331359316,0.9875669729202861,-1.9054231204360457
416,0.012628869913893599,0.9936955776226042,-2.200354698115692
417,0.014169712322433565,0.9929275029745308,-2.1504272265252786
418,0.01044580475160786,0.9947839475737901,-2.2826580521880886
419,0.012357338527883873,0.9938307311619915,-2.209766304108481
420,0.013971874696140203,0.9930262017180573,-2.1565306188049207
421,0.011576954926771566,0.9942197316021821,-2.238051995319093
422,0.011265810947002262,0.9943746742303557,-2.2498523219522175
423,0.015154844266782739,0.9924369436080065,-2.121302661386214
424,0.010430325605254908,0.99479121639683,-2.2832636847829524
425,0.014875560392091022,0.9925759549323749,-2.12935940039891
426,0.019250653567949257,0.9903982323171644,-2.017648806103066
427,0.010785568182391438,0.9946145406483842,-2.268777247730183
428,0.016224409841349065,0.9919042536909783,-2.0917431094862735
429,0.012978280810247456,0.99352128770744,-2.1885113058283934
430,0.013204752117132748,0.9934082921070094,-2.1810020463463085
431,0.01871767944291922,0.990663109170285,-2.0297977190907077
432,0.01716564532193738,0.991435706161772,-2.067308440614896
433,0.02063146144852791,0.9897108355688123,-1.9876198922597887
434,0.01253815284150045,0.9937406697672377,-2.203472135124598
435,0.017523774504200198,0.9912575456043049,-2.0583666244747802
436,0.022856518184999102,0.9886042383536384,-1.9432566430366733
437,0.01166851260099939,0.9941742350045141,-2.2346470382840757
438,0.018446024576832646,0.9907982312804827,-2.0361286866438917
439,0.011595478989462575,0.9942107678817222,-2.23737903712067
440,0.019360803255734117,0.9903429631969328,-2.0151561134908063
441,0.011398580837529359,0.9943087815554029,-2.2447947446565815
442,0.015640107995634974,0.992195160364237,-2.107636015858288
443,0.013679240148238958,0.9931720358182936,-2.1657087657834415
444,0.012686223698338819,0.9936667724710935,-2.1983749091346043
445,0.016037110347272288,0.9919975091842511,-2.0967748156120547
446,0.010937527030424443,0.9945384738638863,-2.2626859836907176
447,0.011092554111343913,0.9944614661286789,-2.256605183983399
448,0.013455508318839389,0.9932833133823115,-2.1728449142267765
449,0.009332408219894636,0.995339092802374,-2.331529544130311
450,0.015123680087152376,0.9924523736428196,-2.1221896075838504
451,0.014256558769178567,0.9928844948144105,-2.147794260509393
452,0.010109829606246344,0.9949515075104333,-2.296838285485707
453,0.017487460848659965,0.9912752567275291,-2.0592473433933822
454,0.009718134646903388,0.9951466114159507,-2.31395493572936
455,0.01581300152490671,0.992108966232744,-2.102866098184049
456,0.009806764328615233,0.9951026440594457,-2.3100383302474707
457,0.015380528319554866,0.9923244499173333,-2.114890490208298
458,0.009822975259393407,0.9950946215630548,-2.3093274823233463
459,0.0120433625814769,0.9939873239998749,-2.220932197975377
460,0.01293632447122958,0.9935422701592995,-2.1899201276600166
461,0.009850291196651258,0.9950810554400611,-2.308128072225847
462,0.011316544886057479,0.9943497986825511,-2.2479360779328545
463,0.010780115748463793,0.994617281287414,-2.268998314734489
464,0.014420100914142003,0.9928029255211838,-2.142844002999384
465,0.009434880157723128,0.9952881216785285,-2.3268059332030906
466,0.013958328369633033,0.9930328619244981,-2.1569455824847585
467,0.009404392997513717,0.9953033109993201,-2.3282081964189008
468,0.010844886768878325,0.9945849776014348,-2.2663997426299556
469,0.00885037942976481,0.9955798130069009,-2.354559357720298
470,0.011909214089277044,0.9940544662354335,-2.225809150195825
471,0.011533775293482852,0.9942416212342186,-2.2396997721639598
472,0.009398558949063178,0.9953063457251528,-2.32848890281917
473,0.008256813932485457,0.995876090900711,-2.3846909161606593
474,0.010483895139608863,0.9947647164262675,-2.2810597894060014
475,0.012378598432651895,0.9938202600008171,-2.209029796641851
476,0.009105696388928688,0.9954524248902674,-2.3422201192082905
477,0.0063015503166974915,0.9968515691624984,-2.5019058425306717
478,0.0049646437466713,0.997519265731669,-2.60541975405844
479,0.013692494743574157,0.9931655416081142,-2.1652958961269135
480,0.008618176452483743,0.9956954969635329,-2.3660769814875566
481,0.00825791820051771,0.9958753292280721,-2.38461071078465
482,0.01135032147166691,0.9943330317985685,-2.246649224270726
483,0.008682688177773986,0.9956632297393243,-2.362833583883874
484,0.00872953006890458,0.995640142920443,-2.3605277471023056
485,0.010747850833299937,0.9946332858655903,-2.2702915374043906
486,0.00866115630827988,0.9956743006619337,-2.363943669907685
487,0.009973266198681585,0.995019527960243,-2.3027294936767366
488,0.005841274922408863,0.9970812918012708,-2.5348093219412036
489,0.007902061728899014,0.9960527472023626,-2.4037050587822795
490,0.00958359572432604,0.9952138990084564,-2.3200181415756167
491,0.006806263396095215,0.9965994811696198,-2.4684548159045363
492,0.008224326773033495,0.9958917893516971,-2.386347296075214
493,0.008649610131876718,0.9956794727736178,-2.3644632537551242
494,0.010845899453608365,0.9945845568435254,-2.2663659984040154
495,0.007805742370568425,0.9961008694936354,-2.4090322284577037
496,0.008521907482286092,0.9957435517171749,-2.3709526390530313
497,0.00641372599104477,0.9967957027795007,-2.494267206933621
498,0.006954368868818483,0.9965258762386219,-2.45915471440757
499,0.005387279458718058,0.9973081463837081,-2.569948560854162
500,0.005955680490752374,0.9970244234518078,-2.526428872813109
501,0.008139260052872022,0.9959345914375932,-2.3908958024727314
502,0.005742945229622967,0.9971308457556494,-2.5422461036641772
503,0.005239181946781012,0.9973824977222531,-2.5821129317264866
504,0.007479497393182531,0.9962636555970804,-2.427553098878294
505,0.006403140603890636,0.9968013283426977,-2.495030337827848
506,0.004271931420828311,0.997865076515705,-2.670617685483894
507,0.003508183995622495,0.9982464149303395,-2.7560731608415168
508,0.007134535466058288,0.9964359498804539,-2.448056197314947
509,0.004265087330201683,0.9978682855686043,-2.67127097468098
510,0.005146948337194316,0.9974282538130621,-2.5897718954101667
511,0.00539645908165704,0.9973034383862166,-2.569189652060249
512,0.0050628574156100494,0.9974701082361079,-2.5968980588043946
513,0.007358043303186009,0.996324553575932,-2.4346899034547684
514,0.008502369247414678,0.9957532774772554,-2.371946114516194
515,0.0057645510984561275,0.9971197317764757,-2.5405670669031313
516,0.0052391966309074025,0.9973820472944684,-2.582038203435453
517,0.0025561080684429072,0.9987220448859345,-2.8934843997425763
518,0.0011566568662861386,0.9994214321801627,-3.2376457256409035
519,0.00390824580975714,0.9980468013235602,-2.709253578681929
520,0.006747706943145072,0.9966287181525408,-2.472204937873736
521,0.004295138114269472,0.9978537946091742,-2.668328718607753
522,0.00455816250314575,0.9977221636327692,-2.642477477518204
523,0.0026393778626422897,0.9986807603929625,-2.879676318506944
524,0.005110870293649178,0.9974461371726883,-2.5928024332047293
525,0.0027762886250514767,0.998612355426743,-2.857721758405751
526,0.006339310008082525,0.9968329214296998,-2.499341162322896
527,0.004268167863313497,0.9978671273059194,-2.6710350657452713
528,0.004913477532719388,0.9975447104073052,-2.6098972770269238
529,0.0017635214950654338,0.9991181968558754,-3.054628357002651
530,0.0019658300209537136,0.9990175296699221,-3.00768055614643
531,0.0038540407350868924,0.9980738281762173,-2.715304974328681
532,0.003992730851502819,0.9980044267843206,-2.6999323337370056
533,0.001999402364627378,0.9990005912248034,-3.000256841602748
534,0.00205449576871003,0.9989729030392743,-2.988388555895972
535,0.0009209727924649284,0.9995395268402039,-3.3367956790222775
536,0.00017254351497371213,0.9999135580952767,-4.063275672125444
537,0.002767465079289742,0.9986168412543677,-2.8591279728945027
538,0.0037212138438453488,0.9981404378427101,-2.730589300436579
539,0.004759446170848886,0.9976217122304197,-2.6237355974972023
540,0.0032122769534275583,0.9983945672866249,-2.794407891793069
541,0.0011956096940185395,0.9994023752755453,-3.223571443535165
542,0.004165058726152866,0.9979187324189424,-2.681672080525426
543,0.0011268142542869648,0.9994368295653333,-3.2493601528683302
544,0.0039916908272080165,0.9980049591672159,-2.7000482111194146
545,0.00036070933906680465,0.9998195807273259,-3.7437170722877307
546,0.0002903309469585518,0.9998548109463743,-3.838066125572276
547,0.003614072487341328,0.9981936768564115,-2.7432045536218808
548,0.0014223355348185781,0.9992889818407101,-3.148119307317106
549,0.003109445125052472,0.9984456924021119,-2.808463030035735
550,0.0001859614556927526,0.9999071029017972,-4.0319978517134345
551,0.0022645069738635414,0.9988681783194687,-2.9462219912233487
552,0.001956986518300218,0.9990220891765402,-3.009700747099048
553,0.004586023344181076,0.9977084085625135,-2.6398628091573366
554,0.0013974944162283794,0.9993012950146369,-3.155706157979456
555,0.0003152480004705956,0.9998422453136672,-3.802017730541769
556,0.003960819556747503,0.9980205436505923,-2.7034540707849284
557,0.0012237287752393724,0.9993881623245633,-3.2133637837578726
558,0.0022786455607562697,0.998860877963236,-2.9434297464616326
559,0.0008840426850594889,0.9995582303092219,-3.3548040838003637
560,0.001313334287110011,0.9993433861062057,-3.1826899319411637
561,0.0009908372918278152,0.9995044805559459,-3.30493929924181
562,0.0024912891527063604,0.9987548847931144,-2.90479046270487
563,0.0008594014874564662,0.9995701360450471,-3.366668969912871
564,0.0038373333862281376,0.9980825116204166,-2.717267259294551
565,0.0006941292439432019,0.9996528423397679,-3.4594732473458767
566,0.0010412240567094118,0.999479361882699,-3.2834640392089707
567,0.0004975925974790827,0.9997513243630403,-3.6043667609794983
568,0.00037165721546777867,0.9998139584708033,-3.7303900993962755
569,0.0009344849724387767,0.9995325375288088,-3.3302532494091857
570,0.0005168190991021572,0.9997414039219588,-3.5873780660680143
571,0.0007697343712099381,0.999615487542408,-3.4150895851842495
572,0.0012926321832630364,0.9993536812492553,-3.18955324431431
573,0.0016270015953272112,0.9991867118367883,-3.089755548478477
574,0.0003530896529901731,0.9998235585357989,-3.753399346881836
575,0.0013435296943617929,0.999328259342705,-3.172798365108313
576,0.0003861461964096377,0.9998070274240556,-3.7145044058226238
577,0.0014546195832337587,0.9992727507739337,-3.1383167322539256
578,0.00034454205323277543,0.9998275964717952,-3.763453850667936
579,0.0003517413807896888,0.9998241433821935,-3.754841283743017
580,0.0005260199522434302,0.9997368959769682,-3.5798725112182317
581,0.000800936353557134,0.9995996542885512,-3.3975648193464343
582,0.0012901687383302992,0.9993549572775264,-3.1904115202173364
583,0.0002356027541194711,0.999882051752794,-3.928308508652171
584,0.0012991752189757011,0.9993505673616665,-3.1874658889592515
585,0.00021433677728633531,0.9998927937549587,-3.9697799151283353
586,0.0011102264054853853,0.9994447834727864,-3.255537614651857
587,0.00021734726061711334,0.9998912750209185,-3.9636706672199638
588,0.0010144468019940307,0.999493019771913,-3.295008977550557
589,0.00020936469948576117,0.9998949533030052,-3.9786175986551076
590,0.0012091633828007643,0.999395617509465,-3.2186881260242726
591,0.00018080193039982459,0.9999094324241438,-4.043027256485449
592,0.0010296768630393357,0.9994852653275875,-3.2884165767852918
593,0.0001764737168488195,0.9999116232990836,-4.053662214592338
594,0.0007941839630117009,0.9996028282844376,-3.4010216871971704
595,0.00019395415733735493,0.9999027567522314,-4.012140544846897
596,0.0006753550101237161,0.999662418475054,-3.47162132932587
597,0.00017048510127349301,0.9999147310818317,-4.0692092470028856
598,0.000767573100291186,0.999616355969134,-3.4160715546172384
599,0.0001077700006588447,0.9999460069647208,-4.267662257489787
600,0.0005045132774752154,0.9997480765190833,-3.5987313515280417
601,0.00012898798241718046,0.9999353728174131,-4.189584776672414
602,0.00045513203321137545,0.9997723649884407,-3.642760940178462
603,0.00011083436596325712,0.9999444870320023,-4.255605552517744
604,0.00041800406699263657,0.999791059166108,-3.6799766763386863
605,9.580370979791882e-05,0.9999520780443075,-4.319465466722262
606,0.0005653316505267031,0.9997173828532331,-3.5488014924508438
607,7.564905612591913e-05,0.9999618848031073,-4.418901832441739
608,0.000290713497566121,0.9998545975496389,-3.8374282745682
609,0.00048626458217919334,0.9997567452280347,-3.6139386313561452
610,7.399713346695178e-05,0.9999631036534272,-4.433016634974657
611,0.00044218268503359615,0.9997786986725018,-3.655015980905933
612,8.042012305853533e-05,0.9999598009900086,-4.395784642451844
613,0.0003791613937455765,0.9998102574648013,-3.7218353009966605
614,8.35585061432794e-05,0.9999583618392381,-4.38050846236556
615,0.00046565783471420733,0.999767042677235,-3.6327236334173914
616,6.315978097415088e-05,0.9999682218383135,-4.497871229610874
617,0.0003387187569338691,0.9998306332286787,-3.7711717914513025
618,6.975290114098005e-05,0.9999653569079163,-4.460383351789034
619,0.000330664636125472,0.9998347014539861,-3.781730966518845
620,6.973678464380139e-05,0.999965074152014,-4.456853040584307
621,0.00017172722890097626,0.999914221530606,-4.066621707452186
622,0.0002602369257015417,0.9998695577602461,-3.884581752763926
623,4.990813193147373e-05,0.9999749341172777,-4.600916996628951
624,0.00021542205914975606,0.9998920528946273,-3.9667889988836103
625,5.377834207132572e-05,0.9999733277384358,-4.573940158543501
626,0.00024578168272224575,0.99987713777535,-3.9105816252328185
627,4.849833407182275e-05,0.9999756594754894,-4.613670067453092
628,0.00024509618690169387,0.9998772617397508,-3.9110200369060673
629,4.3062183775872255e-05,0.9999785767972963,-4.669115602945186
630,0.00020313550639505123,0.9998986250012901,-3.9940691383077125
631,4.564566364176395e-05,0.9999772335365598,-4.642704427780902
632,0.0001763326926827225,0.9999119037446498,-4.055042551466476
633,0.00017236132964038018,0.9999140278403047,-4.065642163270221
634,0.00023930861940896488,0.9998802053115504,-3.9215624376076104
635,3.725498615189888e-05,0.9999811839337891,-4.725471167384403
636,0.00017171627020503365,0.9999138796892143,-4.064894411590421
637,0.00020580627664162934,0.9998970255852194,-3.9872706675268104
638,4.008074905552309e-05,0.9999799055347756,-4.696923547230838
639,0.0001607584393552842,0.9999196310377859,-4.094911639580637
640,0.00020475648939122687,0.9998975541781802,-3.989505749293921
641,3.9274381457808846e-05,0.9999804848014341,-4.709627025441359
642,0.00017380112647003303,0.999913129362085,-4.061126989331334
643,4.230934992643313e-05,0.9999790272129734,-4.678343853280256
644,0.00017362595430074268,0.9999131889942657,-4.061425212304316
645,3.881273840271111e-05,0.9999804850422188,-4.7096323839378345
646,0.00015145635839617098,0.9999243210852894,-4.121025104652955
647,2.96248361961719e-05,0.9999850482256882,-4.82530726699935
648,0.00014525511723579174,0.9999273612162938,-4.138831436432144
649,2.3830758538905415e-05,0.9999879225189392,-4.91802363487608
650,0.00013730238862555676,0.9999312822938634,-4.162931346104179
651,2.377330584339862e-05,0.9999883000953358,-4.931817677055277
652,8.697866282310943e-05,0.9999565490315367,-4.36200053927147
653,2.064705340694994e-05,0.999989765990123,-4.989954168220025
654,0.00010065254676448769,0.9999494815405955,-4.2965499020264515
655,1.884444979047242e-05,0.9999905204959842,-5.023214385115187
656,9.340501004231072e-05,0.9999531926932932,-4.3296863474652145
657,1.86886967499384e-05,0.9999904313950556,-5.019151375610647
658,8.279022585457259e-05,0.9999585322516739,-4.382289545925617
659,1.8191306260976346e-05,0.9999908426686871,-5.038231072723474
660,8.486718920741966e-05,0.9999575475597811,-4.372097340916791
661,1.715432548233463e-05,0.9999912751477885,-5.059241920733341
662,8.204631594975308e-05,0.9999586181569353,-4.383190170630278
663,1.594858109076088e-05,0.9999919845125251,-5.09607006018362
664,8.273607594318985e-05,0.9999586473494707,-4.383496648787274
665,1.5777788394995743e-05,0.9999920506170807,-5.099666582684684
666,6.819220808916066e-05,0.9999663083006649,-4.472477083609522
667,1.5120320449751947e-05,0.9999924427415554,-5.1216357254413145
668,5.9950060771402674e-05,0.9999700908942322,-4.524196571452166
669,1.2697770185903393e-05,0.9999934351572641,-5.182775673194135
670,6.0450456177333516e-05,0.9999696500816215,-4.517842472556697
671,1.1253257136954074e-05,0.9999944080112825,-5.252433713500236
672,5.3087694205264334e-05,0.9999732381174092,-4.572483338960169
673,1.1574004621786618e-05,0.9999940149527872,-5.22293241932757
674,5.625808205019074e-05,0.9999719094041325,-4.5514390482949105
675,1.0251760983753412e-05,0.9999946798471567,-5.274075890630746
676,4.752020842219459e-05,0.9999762984674319,-4.625223571105147
677,1.022949346575509e-05,0.999994761239956,-5.280771493508028
678,4.869343537493206e-05,0.9999754120785591,-4.609278183132243
679,9.81999177108617e-06,0.9999949008855294,-5.292505238400972
680,5.132369802451612e-05,0.9999742219135042,-4.588749323411608
681,8.789163821549032e-06,0.9999955657947431,-5.353184207509194
682,4.306169899925177e-05,0.9999785598976814,-4.668773146390017
683,9.38200002130443e-06,0.9999951323150155,-5.312677535188434
684,4.95113676453685e-05,0.9999752427686815,-4.60629792549812
685,8.528747087385273e-06,0.9999955414527072,-5.350806622339097
686,4.03351492133675e-05,0.9999797478325188,-4.693528489744524
687,8.976418663918219e-06,0.9999956385634545,-5.36037044169111
688,3.3092361039099646e-05,0.9999834007043165,-4.779910338902214
689,7.027188043671328e-06,0.9999965975572072,-5.46820916809706
690,2.7109579613484003e-05,0.9999863123534111,-4.863671216679804
691,5.599495818743787e-06,0.9999971228034418,-5.541030467884731
692,2.4505023805734534e-05,0.9999877029439543,-4.910198847597607
693,5.860359844276429e-06,0.9999968396165128,-5.500260216024315
694,2.2549148958014882e-05,0.9999888239472513,-4.951711557107411
695,4.93390895214475e-06,0.9999974539507152,-5.594133193797227
696,2.2979654329929325e-05,0.999988161118136,-4.926689313089813
697,4.2321056595243684e-06,0.999997742836277,-5.646436938292958
698,2.1371777197815632e-05,0.9999892473744434,-4.9684854775602725
699,4.375376721390499e-06,0.9999978337095582,-5.6642833164927575
700,1.9532856567781245e-05,0.9999904075983419,-5.018072644521008
701,4.401540045341738e-06,0.9999975730827225,-5.614945026530844
702,1.947980837084623e-05,0.9999901868345235,-5.008190877712462
703,4.007344946345802e-06,0.9999981220012857,-5.726304709388999
704,1.8686978207677204e-05,0.9999903944628998,-5.017478346250839
705,3.6592100689247615e-06,0.9999982457974902,-5.7559202719648095
706,1.881044678202884e-05,0.999990546764755,-5.024419534494912
707,3.5760408396299894e-06,0.9999982939071128,-5.7679973276262455
708,1.635863994930481e-05,0.9999917834458198,-5.085310276656986
709,3.624186468148348e-06,0.9999979951866832,-5.697926061576024
710,1.4749344267405494e-05,0.9999925092260883,-5.125473310708717
711,2.9318295954794875e-06,0.9999984877078727,-5.820364308688241
712,1.4468887708424009e-05,0.9999926512769546,-5.133788119760449
713,2.563526007050806e-06,0.9999987495212382,-5.90292367996585
714,1.2072781810523656e-05,0.9999938836382767,-5.213506838204817
715,2.7162318634384035e-06,0.9999988578055479,-5.942259953622236
716,1.3381636102498299e-05,0.9999931670406895,-5.165391165445631
717,2.218311611997967e-06,0.9999987925950483,-5.918147047394544
718,1.0686269090232382e-05,0.9999945122264499,-5.260603817846876
719,2.507380927458035e-06,0.9999988211534144,-5.928542710066583
720,1.1626123232165946e-05,0.9999942238928536,-5.238364759233187
721,2.2491424164274902e-06,0.9999989755543516,-5.9895110779812315
722,1.0310783700480909e-05,0.9999947671238848,-5.2812595467663535
723,2.2376856167640077e-06,0.9999985144668561,-5.8281176541462925
724,1.0486198910021654e-05,0.9999946298493844,-5.2700135335514435
725,2.069718890653561e-06,0.9999990545909726,-6.02438025507923
726,1.0644933374314165e-05,0.999994816175854,-5.285349739717707
727,1.9934835263413825e-06,0.9999989696493182,-5.987014937198787
728,1.067961646941388e-05,0.9999946157717738,-5.268876539560445
729,1.8973720053395067e-06,0.9999988966423708,-5.957283697720416
730,7.853686201943037e-06,0.9999962258964767,-5.4231861913563435
731,1.672471758828449e-06,0.9999992725378846,-6.138189618817471
732,5.933753157115948e-06,0.9999969336294893,-5.513375370341611
733,1.4632908735396238e-06,0.9999992218154339,-6.1089173868909565
734,6.36082275541078e-06,0.9999964797457223,-5.453425965092076
735,1.3172387922133117e-06,0.999999235348859,-6.116536659110109
736,5.215603325859658e-06,0.9999972622760109,-5.562610338549718
737,1.2022570918613878e-06,0.9999992611952787,-6.131470337888636
738,4.968423263478629e-06,0.9999973620964183,-5.57874108244733
739,1.0373808464629755e-06,0.9999994762613524,-6.280885377590496
740,5.293697385706138e-06,0.9999971192530507,-5.540494889356269
741,9.925120925098722e-07,0.9999997382078212,-6.582043332362589
742,4.497522281759754e-06,0.999997785486851,-5.654721736689968
743,1.026362102342339e-06,0.9999994662731903,-6.272680981507252
744,4.423027715336975e-06,0.9999978517407173,-5.667913302933317
745,9.511521764217004e-07,0.9999996310779955,-6.433065440331865
746,4.302545233903051e-06,0.9999977679215838,-5.651290552060362
747,8.395099549621918e-07,0.9999996015091481,-6.3995816442232965
748,4.268473823577983e-06,0.9999980491646372,-5.709779380549784
749,8.310504194880966e-07,0.999999510423955,-6.310179840377579
750,3.90668399700652e-06,0.9999981644385393,-5.736231069289494
751,8.526657814939876e-07,0.9999996767608231,-6.490476007838579
752,3.6523923099113316e-06,0.9999983658261918,-5.786701754467228
753,6.503642345642635e-07,0.9999996567879569,-6.46443748140497
754,2.956856742916136e-06,0.999998405138369,-5.797276990040986
755,6.512775614117866e-07,0.9999996639497919,-6.473595831318469
756,3.206512704747309e-06,0.9999982179633798,-5.749083375625331
757,5.683750207089692e-07,0.999999462763798,-6.2698347298345425
758,2.6267881267934796e-06,0.9999984031038482,-5.796723325680897
759,6.119844933608476e-07,0.9999999435263186,-7.248153900616262
760,2.7030682353576085e-06,0.9999987781904798,-5.912996495209261
761,5.101239965089176e-07,0.9999996038505895,-6.402140986002276
762,2.5396314710281813e-06,0.999998829043802,-5.931459350291221
763,5.247235100307854e-07,0.9999995230479306,-6.321525262560002
764,2.8544246072421038e-06,0.9999985204378322,-5.829866782069433
765,4.843779453435387e-07,0.9999997710387232,-6.6402379616881575
766,2.3111953893635403e-06,0.9999988457492344,-5.937699828701987
767,4.916128529695036e-07,0.9999994455478136,-6.256135899621783
768,2.525766409960115e-06,0.9999986891896816,-5.882460148609025
769,4.4090699036041435e-07,0.9999999569425708,-7.3659519040826815
770,2.524274969183655e-06,0.9999985859385511,-5.8495317175877215
771,4.088110581216543e-07,0.9999996416223046,-6.445659027643861
772,1.808918341288198e-06,0.9999989854997795,-5.9937478542384675
773,4.0821023520764105e-07,0.9999996436205334,-6.448087326513665
774,1.4195840502496425e-06,0.9999994445158723,-6.255328345998921
775,3.532327835183986e-07,0.9999999777849268,-7.653352250897453
776,1.4598345022048875e-06,0.999999225432726,-6.1109408562102825
777,3.1529741974355493e-07,0.9999996761498426,-6.489655887587816
778,1.31820272443078e-06,0.9999993599289633,-6.193771824223808
779,2.8974167571570265e-07,0.9999997080117433,-6.534634614852137
780,1.2443589981316463e-06,0.999999208772347,-6.101698542802927
781,2.3834169984457708e-07,0.999999683242702,-6.499273370378211
782,9.703932959207373e-07,0.9999993413705456,-6.181358851203936
783,1.1362269220155078e-06,0.9999994819625093,-6.285638808966755
784,2.32179516694804e-07,0.9999998940307201,-6.974820016817336
785,1.1011676284288717e-06,0.9999994618109387,-6.269065133510481
786,2.2822336141024972e-07,0.9999998805102708,-6.922669423032101
787,1.0225251764120657e-06,0.9999994030472303,-6.224060028480883
788,2.2929176883464828e-07,0.9999998590104228,-6.850812991717015
789,1.0943713192903215e-06,0.9999993900117972,-6.214678564156541
790,1.858293087178054e-07,0.999999744868595,-6.5932360792975375
791,1.021038365073924e-06,0.9999992924586273,-6.15024816016315
792,1.8996176512667376e-07,0.9999997321716407,-6.572143439192369
793,8.118773078450092e-07,0.9999994666083915,-6.272953821023158
794,2.0114276459973832e-07,0.9999997808738426,-6.659305776914968
795,7.829388323942175e-07,0.9999997508927208,-6.603613581610905
796,1.477410023333113e-07,0.9999999321117186,-7.168205185141879
797,6.887336565475349e-07,0.9999996110047437,-6.41005569471051
798,1.5776580975672047e-07,0.9999999112479321,-7.051821519123112
799,7.681032430774744e-07,0.9999998212820338,-6.747831786436825
800,1.3536690246375574e-07,0.9999999246505423,-7.1229198691668
801,6.243519267864979e-07,0.9999997554133734,-6.611567292779955
802,1.356050349367053e-07,0.9999999494437248,-7.296224931053428
803,6.960076122732032e-07,0.9999996558830561,-6.4632939426697735
804,1.1207276604852908e-07,0.9999998073274794,-6.715180220999601
805,6.051378292057824e-07,0.9999996781057082,-6.492286724686524
806,1.1760304199170743e-07,0.9999998253775516,-6.757899926808831
807,7.005427459625187e-07,0.9999997507681726,-6.603396498205268
808,1.006461879398726e-07,0.9999998550877195,-6.8388948089309425
809,5.052801760915929e-07,0.9999997881804369,-6.674033932051281
810,1.204436829396444e-07,0.9999997344024288,-6.575775900829913
811,4.951825567824855e-07,0.9999997215426623,-6.555241333351511
812,1.0564840684259437e-07,0.9999998534870698,-6.83412404574797
813,4.601028514837035e-07,0.9999997456542342,-6.594575487884131
814,9.768622073123409e-08,0.999999929340872,-7.15083172651236
815,4.075016147771985e-07,1.0,-inf
816,1.0279049432448783e-07,1.0,-inf
817,5.071404429679793e-07,0.9999996366288425,-6.439649547685879
818,7.211780978587062e-08,0.9999997427643789,-6.5896688919213675
819,3.385700407298207e-07,0.9999998604268994,-6.855198273492837
820,7.783475263727475e-08,1.0,-inf
821,3.1428074467309826e-07,0.9999998314734979,-6.773331793279303
822,7.097250352560997e-08,0.9999997682563798,-6.634992212987632
823,2.9568692263989874e-07,0.9999995528015433,-6.349499703877156
824,5.465472022614623e-08,0.9999999197599359,-7.095608732786875
825,1.917929282951503e-07,0.9999998193909633,-6.743260523667297
826,3.1426940146558184e-07,1.0,-inf
827,4.810421770428139e-08,0.999999990521228,-8.023247923496726
828,2.718476436232578e-07,1.0,-inf
829,5.277137301381684e-08,0.9999998523219708,-6.830684111900964
830,1.9938760760418258e-07,0.999999938759021,-7.21295787559612
831,5.009563328330923e-08,0.9999998258672067,-6.759119433326761
832,2.1583342706435662e-07,0.9999998868926646,-6.946509228720679
833,4.562672370525494e-08,0.9999997912060588,-6.680282107781377
834,2.125964647751919e-07,0.9999999916419835,-8.077896775769775
835,4.534120299753245e-08,0.9999999530307305,-7.32818619446805
836,2.507026582065042e-07,0.9999998354531897,-6.78371053201171
837,3.948329885642633e-08,0.9999998509737296,-6.8267371671625785
838,1.5273487558536766e-07,0.999999805288219,-6.71060777070716
839,3.784072051742528e-08,0.9999998263556624,-6.7603393741718865
840,1.9799172737087455e-07,0.9999997059061364,-6.5315140371538565
841,3.1619956847181906e-08,0.999999855050402,-6.83878298479681
842,1.3586908141643548e-07,0.999999843132647,-6.804467431740796
843,3.432310521007832e-08,1.0,-inf
844,1.619001408983457e-07,0.999999673655247,-6.486323365538738
845,3.114361216631419e-08,0.9999998767727989,-6.909293415645933
846,1.3729980653099212e-07,1.0,-inf
847,2.854998256359872e-08,0.9999998179231203,-6.739745197878417
848,1.3078720870092242e-07,0.9999999564118163,-7.360631227171261
849,2.8235183712221188e-08,0.9999997490870365,-6.600476900109497
850,1.0796596274301297e-07,0.9999997989956454,-6.696794533820603
851,2.6742531127204307e-08,1.0,-inf
852,1.0930501359360492e-07,0.9999999780216139,-7.658004201302514
853,2.604457372975403e-08,0.9999997999691477,-6.69890301452721
854,1.2083266633226388e-07,1.0,-inf
855,2.3711884524615815e-08,0.9999998606718161,-6.855961023812309
856,1.3005726644957623e-07,0.9999998308193474,-6.7716493041234145
857,2.2008115992204086e-08,1.0,-inf
858,1.1371225889576589e-07,0.9999998991122546,-6.996161583386744
859,2.2681987321164463e-08,0.9999997384067612,-6.582373484999168
860,1.0237237492753083e-07,1.0,-inf
861,1.6789296881260146e-08,0.9999998260137777,-6.759485141418967
862,6.983915075224109e-08,1.0,-inf
863,9.32651427893595e-08,0.9999999327298807,-7.172177802423048
864,1.542727045282837e-08,0.9999999465835121,-7.272324669964467
865,7.560817969020578e-08,0.9999998904815118,-6.960512559990691
866,1.7056412625941042e-08,1.0,-inf
867,4.7568862128270676e-08,0.9999998619238711,-6.859881397444592
868,6.742799762862151e-08,1.0,-inf
869,1.1568445008668589e-08,0.9999999234905276,-7.116284792730106
870,6.146345178240662e-08,1.0,-inf
871,1.1274275535710435e-08,0.9999999521392905,-7.320020867516256
872,5.649723110241628e-08,1.0,-inf
873,1.1216136812600275e-08,1.0,-inf
874,4.5493301299263823e-08,0.9999998283371105,-6.7653235816313675
875,5.419918676637565e-08,0.9999998600793358,-6.854118142044251
876,1.0444597450816613e-08,0.9999999533105864,-7.33078158099129
877,4.6010070236881785e-08,0.9999998470881534,-6.815558866932958
878,1.1186435317497224e-08,1.0,-inf
879,5.163262488520694e-08,0.999999773560491,-6.645047795426629
880,1.0620128702117427e-08,1.0,-inf
881,5.072188737659482e-08,0.9999997754796242,-6.648744239443706
882,8.621643351805974e-09,1.0,-inf
883,4.628038180051772e-08,1.0,-inf
884,8.611851188001802e-09,0.9999997814442667,-6.66043779634379
885,3.389810101096446e-08,1.0,-inf
886,8.444521646764744e-09,0.9999996002176994,-6.398176437138897
887,3.6748015571152e-08,0.99999968258568,-6.498373484076192
888,7.3201015664836785e-09,1.0,-inf
889,3.768988562252642e-08,0.9999998198461918,-6.744356553054038
890,7.088088136669772e-09,0.9999998526773973,-6.831730617291975
891,3.4199214857326154e-08,0.9999999799695286,-7.698308829996573
892,6.554629514152441e-09,1.0,-inf
893,2.9499358502338885e-08,0.9999999301185506,-7.155638095932661
894,6.9329730668561364e-09,0.9999998840257287,-6.935638347608234
895,3.580935456298837e-08,0.9999999832208571,-7.775230228474879
896,5.678167949242399e-09,1.0,-inf
897,3.864202986591816e-08,1.0,-inf
898,5.1824812757053515e-09,0.9999997841056064,-6.665758635418374
899,2.3773842575358218e-08,0.9999999405547988,-7.225883198638253
900,6.04007741740044e-09,0.9999998860687472,-6.943357127178422
901,3.282207689439674e-08,0.9999999656826922,-7.4644867903186825
902,4.700624407101867e-09,0.999999793816158,-6.685745372055862
903,1.7487959513745776e-08,0.9999999942330358,-8.239052741608495
904,3.863893596380602e-09,0.999999913458847,-7.062777322823977
905,1.802859666759798e-08,0.9999997556191926,-6.61193290473626
906,4.143026371609087e-09,0.9999999970732583,-8.533615598978683
907,1.9597540349457998e-08,0.999999878807151,-6.916523005093464
908,3.89712247353607e-09,0.9999998415151355,-6.800012207249835
909,1.7311642555501407e-08,0.9999997312445438,-6.570642710021391
910,3.610928369856307e-09,0.9999997509942427,-6.603790611317821
911,1.3580187478556421e-08,1.0,-inf
912,2.6664670971603106e-09,0.9999998539748292,-6.835572276979471
913,1.2907039674386391e-08,0.9999997520903594,-6.6057065842636415
914,2.6072791061519823e-09,1.0,-inf
915,1.2012073426504565e-08,1.0,-inf
916,2.6950872352386836e-09,1.0,-inf
917,1.4135929086190994e-08,0.9999998902712951,-6.959679746636905
918,2.513709866216366e-09,0.9999999038440205,-7.017023703746348
919,1.3150822676978511e-08,0.9999997961676528,-6.690726894393651
920,2.385765880823084e-09,0.999999923440508,-7.116000957103034
921,1.192630640388476e-08,0.9999998688261694,-6.882152798880547
922,2.448660288441331e-09,1.0,-inf
923,8.840097044132312e-09,1.0,-inf
924,2.1434901625485607e-09,1.0,-inf
925,9.976480663619499e-09,0.9999999586422037,-7.383442610165124
926,1.9772900658296804e-09,0.9999998305815027,-6.7710391745537875
927,9.449582090896409e-09,0.9999997062606447,-6.5320378626786315
928,2.01151940516447e-09,0.9999999794363467,-7.6868997261269705
929,9.288284025700809e-09,1.0,-inf
930,1.622387427382699e-09,0.9999998863367935,-6.944380096386637
931,1.0170794684456766e-08,0.9999999550790221,-7.347550797642234
932,1.4311950473266553e-09,1.0,-inf
933,6.802135155403651e-09,1.0,-inf
934,1.6834646549054194e-09,1.0,-inf
935,7.001726884437388e-09,1.0,-inf
936,1.609465608509277e-09,1.0,-inf
937,8.39832951422583e-09,1.0,-inf
938,1.2451877448386844e-09,1.0,-inf
939,5.510089132295172e-09,0.9999999820525717,-7.745997772483362
940,1.3899940615837454e-09,0.9999999608889202,-7.407700193430001
941,6.630527060847582e-09,1.0,-inf
942,1.1527347314783368e-09,0.9999999202479677,-7.098258241055568
943,6.988681720761583e-09,1.0,-inf
944,9.432457494657752e-10,0.9999997942326816,-6.686623602182265
945,4.736269090334244e-09,0.9999999836195942,-7.785675343194727
946,9.911222061957001e-10,1.0,-inf
947,4.6057837163923455e-09,0.9999998919504469,-6.966377025117579
948,9.52090939086672e-10,0.9999998070210534,-6.714490068577728
949,6.137823183549729e-09,0.9999999161388105,-7.07643898153961
950,7.647585775032021e-10,1.0,-inf
951,3.2849112535806874e-09,0.9999997192381116,-6.551661845184687
952,7.982237213068251e-10,0.9999998852387069,-6.940204566749721
953,1.990195537675766e-09,0.9999999221780944,-7.108898139048734
954,3.0148041707704502e-09,0.9999997067178661,-6.53271439245692
955,6.368873594532938e-10,0.9999999363822315,-7.1964215685856034
956,2.9649932069667975e-09,0.9999998240697516,-6.754659484189121
957,6.160177240094264e-10,1.0,-inf
958,2.7461819882002726e-09,0.9999998894192368,-6.956320416947374
959,5.990529215605479e-10,0.9999998519507457,-6.829593775738472
960,3.0599966793242285e-09,0.999999944169648,-7.253129633931266
961,5.34449024041012e-10,1.0,-inf
962,2.9441722756673644e-09,0.9999999138065198,-7.064525583386118
963,5.237570841026415e-10,0.9999999267815236,-7.135379312616625
964,2.2516881322494518e-09,0.9999998769694776,-6.909987131802117
965,5.352984534956716e-10,0.9999997677849072,-6.63410955670766
966,1.917768717154028e-09,0.9999999799580147,-7.698059260881216
967,2.536341519663483e-09,0.9999998602531477,-6.854657965472181
968,4.4403074108065057e-10,0.9999999710544414,-7.538418064622315
969,2.1491819113518355e-09,0.9999999421957564,-7.238040277315642
970,4.931192252126728e-10,0.999999657387546,-6.465196854478857
971,1.926215958778748e-09,1.0,-inf
972,4.811887566018072e-10,1.0,-inf
973,2.0247314574753904e-09,1.0,-inf
974,3.861486079261976e-10,0.9999997527496585,-6.6068630998268265
975,2.2074491686413717e-09,0.9999999362783595,-7.195713051774141
976,3.415950385346516e-10,0.999999961611492,-7.415798766314386
977,1.756528193358523e-09,0.9999999534988785,-7.332536572717075
978,4.0050143087403535e-10,0.9999999274592417,-7.139417908928537
979,1.7344539978457969e-09,0.9999999436603341,-7.249185732502557
980,3.323995780091675e-10,0.9999996904007582,-6.509200111564499
981,1.62067241614161e-09,0.9999998195741088,-6.7437011407941405
982,3.285338562142296e-10,0.9999999681460248,-7.496836361914851
983,1.3353197610779587e-09,0.9999999894476068,-7.976649035376037
984,3.1158891261918486e-10,0.9999999132451801,-7.0617063875380595
985,1.1903171902866919e-09,1.0,-inf
986,2.854185415122535e-10,0.999999772272188,-6.642583926419635
987,1.2725635544917637e-09,1.0,-inf
988,2.212268857348151e-10,1.0,-inf
989,1.4779472091262142e-09,0.9999998724743678,-6.8944025149229295
990,1.7922301436550536e-10,0.999999858232245,-6.8484225380303965
991,1.1697930688008917e-09,1.0,-inf
992,2.061210150772611e-10,0.9999998833620175,-6.933160001020555
993,5.612564862579988e-10,0.9999998951652626,-6.979494788138113
994,1.0301538118928167e-09,0.9999999030384644,-7.013400515208214
995,1.6146412843134812e-10,0.9999999950724505,-8.307369006096238
996,6.072248304918669e-10,1.0,-inf
