,loss_grape_t_lbfgs,fid_grape_t_lbfgs,inf_grape_t_lbfgs
0,0.23290032148361206,0.8869403004646301,-0.946692168712616
1,0.23286749422550201,0.8869552612304688,-0.9467496275901794
2,0.23240558803081512,0.8871726989746094,-0.9475858211517334
3,0.23194023966789246,0.8873920440673828,-0.9484308958053589
4,0.23147107660770416,0.8876131176948547,-0.9492843747138977
5,0.23099878430366516,0.8878353238105774,-0.9501438736915588
6,0.23052415251731873,0.8880595564842224,-0.9510129690170288
7,0.2300471067428589,0.8882839679718018,-0.9518845081329346
8,0.22956880927085876,0.8885095119476318,-0.9527621865272522
9,0.22908887267112732,0.8887359499931335,-0.9536451101303101
10,0.22860805690288544,0.8889623880386353,-0.954529881477356
11,0.22812610864639282,0.8891892433166504,-0.955418050289154
12,0.22764362394809723,0.8894167542457581,-0.9563106894493103
13,0.22716045379638672,0.8896448612213135,-0.957207441329956
14,0.2266768515110016,0.8898733854293823,-0.9581077098846436
15,0.22619269788265228,0.890101432800293,-0.959007978439331
16,0.22570818662643433,0.8903296589851379,-0.9599108099937439
17,0.2252236157655716,0.8905583620071411,-0.9608173966407776
18,0.2247384786605835,0.8907877802848816,-0.9617287516593933
19,0.22425301373004913,0.8910163044929504,-0.9626384973526001
20,0.22376763820648193,0.8912457227706909,-0.9635536670684814
21,0.22328175604343414,0.8914750218391418,-0.9644702672958374
22,0.2227957844734192,0.8917044997215271,-0.965389609336853
23,0.22230949997901917,0.8919341564178467,-0.9663115739822388
24,0.22182293236255646,0.8921637535095215,-0.9672352075576782
25,0.2213360071182251,0.8923935890197754,-0.9681618809700012
26,0.22084903717041016,0.8926235437393188,-0.9690909385681152
27,0.22036153078079224,0.8928542137145996,-0.9700248837471008
28,0.21987369656562805,0.8930845856666565,-0.9709596633911133
29,0.21938566863536835,0.8933150768280029,-0.9718969464302063
30,0.21889686584472656,0.8935457468032837,-0.972836971282959
31,0.21840797364711761,0.8937775492668152,-0.9737836718559265
32,0.2179182469844818,0.8940088152885437,-0.9747302532196045
33,0.2174282819032669,0.8942407965660095,-0.9756818413734436
34,0.21693767607212067,0.8944727182388306,-0.9766352772712708
35,0.21644648909568787,0.8947047591209412,-0.9775912761688232
36,0.21595463156700134,0.8949376344680786,-0.9785528182983398
37,0.21546223759651184,0.8951701521873474,-0.979515016078949
38,0.21496915817260742,0.8954036831855774,-0.9804835915565491
39,0.21447500586509705,0.8956372737884521,-0.981454610824585
40,0.21398064494132996,0.8958711624145508,-0.9824289679527283
41,0.21348512172698975,0.8961067795753479,-0.9834128022193909
42,0.21298861503601074,0.8963412642478943,-0.9843940734863281
43,0.21249140799045563,0.8965762853622437,-0.9853798747062683
44,0.2119930386543274,0.896811306476593,-0.9863678812980652
45,0.2114941030740738,0.89704829454422,-0.9873664379119873
46,0.2109939604997635,0.8972854018211365,-0.9883678555488586
47,0.2104925662279129,0.8975228667259216,-0.9893730282783508
48,0.20999018847942352,0.8977603912353516,-0.9903808236122131
49,0.20948666334152222,0.8979993462562561,-0.9913970232009888
50,0.2089819312095642,0.8982387185096741,-0.9924174547195435
51,0.20847594738006592,0.8984779119491577,-0.9934394359588623
52,0.2079690843820572,0.8987187147140503,-0.9944707751274109
53,0.20746026933193207,0.8989598751068115,-0.9955061078071594
54,0.20695063471794128,0.8992014527320862,-0.9965457320213318
55,0.20643939077854156,0.8994444012641907,-0.9975937604904175
56,0.20592696964740753,0.8996872305870056,-0.9986437559127808
57,0.2054128348827362,0.8999303579330444,-0.9996976256370544
58,0.20489759743213654,0.9001750946044922,-1.0007611513137817
59,0.20438048243522644,0.9004197716712952,-1.0018268823623657
60,0.20386233925819397,0.9006664156913757,-1.002903938293457
61,0.20334221422672272,0.9009130597114563,-1.0039836168289185
62,0.20282067358493805,0.9011610746383667,-1.005071997642517
63,0.2022974044084549,0.9014089107513428,-1.0061622858047485
64,0.2017727941274643,0.9016579389572144,-1.0072606801986694
65,0.20124630630016327,0.9019086956977844,-1.0083694458007812
66,0.20071826875209808,0.9021584391593933,-1.009476661682129
67,0.20018891990184784,0.902410626411438,-1.0105974674224854
68,0.19965745508670807,0.9026620388031006,-1.0117177963256836
69,0.19912487268447876,0.9029152989387512,-1.01284921169281
70,0.1985902041196823,0.9031693935394287,-1.0139873027801514
71,0.1980540156364441,0.9034249782562256,-1.0151351690292358
72,0.19751639664173126,0.9036800861358643,-1.0162838697433472
73,0.19697685539722443,0.9039362072944641,-1.0174403190612793
74,0.19643595814704895,0.9041942954063416,-1.0186086893081665
75,0.19589318335056305,0.9044517278671265,-1.0197771787643433
76,0.19534917175769806,0.9047109484672546,-1.0209569931030273
77,0.194803386926651,0.9049700498580933,-1.022139549255371
78,0.1942562311887741,0.9052306413650513,-1.0233319997787476
79,0.19370757043361664,0.9054914116859436,-1.0245287418365479
80,0.1931576132774353,0.9057532548904419,-1.0257335901260376
81,0.19260621070861816,0.9060155749320984,-1.0269441604614258
82,0.19205334782600403,0.9062786102294922,-1.0281612873077393
83,0.19149935245513916,0.9065427184104919,-1.0293868780136108
84,0.19094379246234894,0.9068069458007812,-1.0306164026260376
85,0.1903875470161438,0.9070721864700317,-1.031854271888733
86,0.18982994556427002,0.9073374271392822,-1.0330955982208252
87,0.18927139043807983,0.9076030254364014,-1.0343422889709473
88,0.1887117624282837,0.907869815826416,-1.0355980396270752
89,0.1881512999534607,0.9081366658210754,-1.0368578433990479
90,0.18758994340896606,0.9084044098854065,-1.0381253957748413
91,0.1870276927947998,0.9086717963218689,-1.0393950939178467
92,0.18646511435508728,0.9089410305023193,-1.0406773090362549
93,0.18590162694454193,0.9092093706130981,-1.0419589281082153
94,0.18533769249916077,0.9094785451889038,-1.0432485342025757
95,0.18477338552474976,0.9097474217414856,-1.0445404052734375
96,0.18420875072479248,0.9100158214569092,-1.0458338260650635
97,0.18364375829696655,0.9102857708930969,-1.0471386909484863
98,0.1830788105726242,0.9105556011199951,-1.0484468936920166
99,0.18251371383666992,0.9108250737190247,-1.0497572422027588
100,0.18194854259490967,0.9110945463180542,-1.0510716438293457
101,0.18138378858566284,0.9113640189170837,-1.0523899793624878
102,0.1808188557624817,0.911634087562561,-1.0537152290344238
103,0.18025454878807068,0.9119031429290771,-1.055039644241333
104,0.17969055473804474,0.9121729731559753,-1.056371808052063
105,0.17912687361240387,0.912442147731781,-1.0577049255371094
106,0.17856398224830627,0.9127105474472046,-1.0590382814407349
107,0.17800167202949524,0.9129785299301147,-1.0603735446929932
108,0.17744050920009613,0.9132475256919861,-1.0617181062698364
109,0.1768799126148224,0.9135158061981201,-1.0630632638931274
110,0.1763196438550949,0.9137832522392273,-1.0644084215164185
111,0.1757611781358719,0.914050281047821,-1.0657554864883423
112,0.17520391941070557,0.914316713809967,-1.0671038627624512
113,0.17464721202850342,0.9145824909210205,-1.068453073501587
114,0.17409229278564453,0.9148479700088501,-1.0698050260543823
115,0.17353861033916473,0.9151133298873901,-1.0711605548858643
116,0.17298561334609985,0.915377676486969,-1.0725150108337402
117,0.1724347621202469,0.9156405925750732,-1.0738664865493774
118,0.17188572883605957,0.9159035682678223,-1.075222373008728
119,0.17133790254592896,0.9161658883094788,-1.076579213142395
120,0.17079170048236847,0.9164278507232666,-1.077938437461853
121,0.17024676501750946,0.9166885614395142,-1.0792953968048096
122,0.16970402002334595,0.9169477820396423,-1.0806487798690796
123,0.1691633015871048,0.9172071218490601,-1.0820070505142212
124,0.1686239093542099,0.9174650311470032,-1.0833619832992554
125,0.16808690130710602,0.9177217483520508,-1.0847148895263672
126,0.16755151748657227,0.9179791808128357,-1.0860759019851685
127,0.16701799631118774,0.9182345867156982,-1.0874303579330444
128,0.16648632287979126,0.9184892177581787,-1.08878493309021
129,0.16595697402954102,0.9187433123588562,-1.09014093875885
130,0.1654292345046997,0.9189960956573486,-1.091494083404541
131,0.16490356624126434,0.9192477464675903,-1.0928453207015991
132,0.16438014805316925,0.9194989800453186,-1.0941985845565796
133,0.16385869681835175,0.9197486639022827,-1.0955476760864258
134,0.16333922743797302,0.9199974536895752,-1.0968961715698242
135,0.16282203793525696,0.9202454686164856,-1.0982446670532227
136,0.1623067408800125,0.9204928278923035,-1.0995936393737793
137,0.16179373860359192,0.9207391142845154,-1.1009410619735718
138,0.16128244996070862,0.9209842681884766,-1.102286458015442
139,0.16077320277690887,0.9212291836738586,-1.1036345958709717
140,0.16026616096496582,0.9214722514152527,-1.1049768924713135
141,0.15976156294345856,0.9217140674591064,-1.106316328048706
142,0.15925876796245575,0.9219555854797363,-1.1076581478118896
143,0.15875814855098724,0.9221958518028259,-1.1089972257614136
144,0.1582593470811844,0.9224353432655334,-1.110336184501648
145,0.15776272118091583,0.9226740598678589,-1.1116747856140137
146,0.15726813673973083,0.9229113459587097,-1.1130095720291138
147,0.15677542984485626,0.9231476187705994,-1.1143426895141602
148,0.15628494322299957,0.9233841300010681,-1.1156812906265259
149,0.15579594671726227,0.9236189723014832,-1.1170145273208618
150,0.1553095579147339,0.9238523840904236,-1.118343710899353
151,0.15482494235038757,0.924085795879364,-1.119676947593689
152,0.15434196591377258,0.9243175387382507,-1.1210047006607056
153,0.15386150777339935,0.9245488047599792,-1.1223338842391968
154,0.15338215231895447,0.9247791171073914,-1.1236615180969238
155,0.15290527045726776,0.9250090718269348,-1.1249912977218628
156,0.15242993831634521,0.9252375960350037,-1.126316785812378
157,0.1519564986228943,0.9254651069641113,-1.1276403665542603
158,0.15148496627807617,0.9256910681724548,-1.1289589405059814
159,0.1510155349969864,0.9259172677993774,-1.130282998085022
160,0.1505478173494339,0.9261428713798523,-1.1316075325012207
161,0.15008145570755005,0.9263671636581421,-1.132928490638733
162,0.14961707592010498,0.9265907406806946,-1.134249210357666
163,0.14915432035923004,0.9268137812614441,-1.1355706453323364
164,0.1486935019493103,0.9270356297492981,-1.1368892192840576
165,0.14823417365550995,0.9272570610046387,-1.1382091045379639
166,0.1477765589952469,0.9274759888648987,-1.139518141746521
167,0.14732114970684052,0.9276957511901855,-1.140836238861084
168,0.1468668133020401,0.9279139041900635,-1.142148494720459
169,0.14641426503658295,0.9281321167945862,-1.1434651613235474
170,0.14596319198608398,0.9283498525619507,-1.1447829008102417
171,0.1455136090517044,0.928566038608551,-1.1460952758789062
172,0.14506575465202332,0.92878258228302,-1.147413730621338
173,0.1446191966533661,0.9289969801902771,-1.1487231254577637
174,0.14417435228824615,0.9292118549346924,-1.1500394344329834
175,0.14373111724853516,0.9294254779815674,-1.151352047920227
176,0.14328914880752563,0.9296383261680603,-1.1526638269424438
177,0.14284853637218475,0.9298513531684875,-1.1539807319641113
178,0.14240974187850952,0.9300626516342163,-1.1552908420562744
179,0.14197199046611786,0.930273711681366,-1.156603455543518
180,0.14153578877449036,0.9304839372634888,-1.1579148769378662
181,0.14110122621059418,0.9306939244270325,-1.1592286825180054
182,0.1406676471233368,0.9309026598930359,-1.160538673400879
183,0.14023566246032715,0.9311107397079468,-1.1618484258651733
184,0.13980498909950256,0.9313189387321472,-1.1631629467010498
185,0.13937532901763916,0.9315266013145447,-1.164478063583374
186,0.1389472782611847,0.9317333698272705,-1.1657915115356445
187,0.13852037489414215,0.9319393634796143,-1.1671040058135986
188,0.13809466361999512,0.9321444630622864,-1.1684147119522095
189,0.13767023384571075,0.932349443435669,-1.1697286367416382
190,0.13724693655967712,0.9325536489486694,-1.171041488647461
191,0.13682477176189423,0.9327576160430908,-1.1723568439483643
192,0.13640379905700684,0.9329605102539062,-1.1736693382263184
193,0.13598406314849854,0.9331634044647217,-1.174985647201538
194,0.13556556403636932,0.9333664178848267,-1.1763068437576294
195,0.13514739274978638,0.9335676431655884,-1.1776202917099
196,0.1347309648990631,0.9337685704231262,-1.1789358854293823
197,0.1343155801296234,0.9339695572853088,-1.1802557706832886
198,0.1339011788368225,0.934170126914978,-1.1815769672393799
199,0.1334872990846634,0.9343703985214233,-1.1829001903533936
200,0.1330747753381729,0.934569776058197,-1.184221625328064
201,0.1326633095741272,0.934768557548523,-1.1855430603027344
202,0.1322523057460785,0.9349669218063354,-1.1868656873703003
203,0.13184259831905365,0.9351649880409241,-1.1881904602050781
204,0.1314336508512497,0.935362696647644,-1.1895167827606201
205,0.13102561235427856,0.9355604648590088,-1.190847635269165
206,0.13061808049678802,0.9357575178146362,-1.192177653312683
207,0.13021159172058105,0.9359540343284607,-1.193508267402649
208,0.12980583310127258,0.936150312423706,-1.1948412656784058
209,0.12940064072608948,0.9363455772399902,-1.1961714029312134
210,0.12899646162986755,0.9365417957305908,-1.1975122690200806
211,0.12859266996383667,0.9367377161979675,-1.1988551616668701
212,0.12818920612335205,0.9369325041770935,-1.2001943588256836
213,0.12778697907924652,0.9371265769004822,-1.2015328407287598
214,0.1273852288722992,0.9373213648796082,-1.2028805017471313
215,0.12698397040367126,0.9375160932540894,-1.204231858253479
216,0.12658284604549408,0.9377102255821228,-1.2055832147598267
217,0.12618257105350494,0.9379038214683533,-1.206935167312622
218,0.12578266859054565,0.9380975961685181,-1.2082924842834473
219,0.12538334727287292,0.938290536403656,-1.2096482515335083
220,0.12498438358306885,0.9384846687316895,-1.2110166549682617
221,0.12458538264036179,0.938677191734314,-1.212377905845642
222,0.124187171459198,0.9388708472251892,-1.2137516736984253
223,0.12378856539726257,0.9390631914138794,-1.2151203155517578
224,0.1233910471200943,0.9392562508583069,-1.2164983749389648
225,0.12299340963363647,0.9394494295120239,-1.2178817987442017
226,0.12259583175182343,0.9396412372589111,-1.2192596197128296
227,0.12219856679439545,0.9398337602615356,-1.2206470966339111
228,0.12180142104625702,0.9400261640548706,-1.2220381498336792
229,0.12140415608882904,0.9402182698249817,-1.2234314680099487
230,0.12100749462842941,0.9404115676879883,-1.2248380184173584
231,0.12060985714197159,0.9406043887138367,-1.226245641708374
232,0.12021280080080032,0.9407969117164612,-1.2276556491851807
233,0.11981545388698578,0.9409891963005066,-1.2290685176849365
234,0.11941829323768616,0.9411820769309998,-1.2304903268814087
235,0.11902059614658356,0.9413748979568481,-1.2319164276123047
236,0.11862292885780334,0.9415679574012756,-1.2333489656448364
237,0.11822512745857239,0.9417610168457031,-1.2347862720489502
238,0.11782635748386383,0.9419542551040649,-1.236229658126831
239,0.11742772907018661,0.9421475529670715,-1.2376782894134521
240,0.11702867597341537,0.9423413872718811,-1.2391358613967896
241,0.11662901937961578,0.942535936832428,-1.2406036853790283
242,0.11622878164052963,0.9427302479743958,-1.242074728012085
243,0.1158280223608017,0.9429244995117188,-1.2435503005981445
244,0.11542659252882004,0.9431185126304626,-1.245029091835022
245,0.11502469331026077,0.9433147311210632,-1.2465298175811768
246,0.11462191492319107,0.9435105323791504,-1.248032569885254
247,0.11421775072813034,0.9437061548233032,-1.2495391368865967
248,0.11381353437900543,0.9439029097557068,-1.251059651374817
249,0.11340808868408203,0.9441002607345581,-1.2525901794433594
250,0.11300172656774521,0.9442968368530273,-1.254120111465454
251,0.1125943660736084,0.9444953799247742,-1.2556709051132202
252,0.11218557506799698,0.9446936249732971,-1.2572247982025146
253,0.11177578568458557,0.9448930621147156,-1.2587937116622925
254,0.11136436462402344,0.9450929164886475,-1.2603715658187866
255,0.11095159500837326,0.945293664932251,-1.2619624137878418
256,0.11053808778524399,0.9454951286315918,-1.2635647058486938
257,0.11012224107980728,0.9456959962844849,-1.2651681900024414
258,0.10970540344715118,0.9458999633789062,-1.266802430152893
259,0.10928630828857422,0.9461036920547485,-1.2684409618377686
260,0.10886605829000473,0.9463076591491699,-1.270087718963623
261,0.10844366252422333,0.9465132355690002,-1.2717536687850952
262,0.10801967233419418,0.9467195868492126,-1.2734323740005493
263,0.10759294033050537,0.9469273090362549,-1.2751288414001465
264,0.1071641817688942,0.9471350908279419,-1.2768324613571167
265,0.10673419386148453,0.9473454356193542,-1.2785639762878418
266,0.1063009724020958,0.9475559592247009,-1.2803038358688354
267,0.10586541146039963,0.947767972946167,-1.2820631265640259
268,0.10542759299278259,0.9479807019233704,-1.283835530281067
269,0.1049874946475029,0.9481953382492065,-1.2856311798095703
270,0.10454361140727997,0.9484115839004517,-1.2874478101730347
271,0.10409801453351974,0.9486281275749207,-1.2892745733261108
272,0.1036490723490715,0.9488471150398254,-1.2911298274993896
273,0.10319682955741882,0.9490672945976257,-1.2930032014846802
274,0.10274213552474976,0.9492877125740051,-1.294886827468872
275,0.10228381305932999,0.949512243270874,-1.29681396484375
276,0.10182201117277145,0.9497372508049011,-1.2987537384033203
277,0.101356640458107,0.9499636888504028,-1.3007147312164307
278,0.10088769346475601,0.9501917958259583,-1.302699089050293
279,0.10041508078575134,0.950422465801239,-1.3047150373458862
280,0.09993869066238403,0.9506548047065735,-1.3067551851272583
281,0.09945819526910782,0.9508889317512512,-1.3088206052780151
282,0.0989738255739212,0.9511253833770752,-1.3109166622161865
283,0.09848511219024658,0.9513633847236633,-1.3130366802215576
284,0.09799212962388992,0.9516038298606873,-1.315189003944397
285,0.09749465435743332,0.9518467783927917,-1.3173747062683105
286,0.0969923809170723,0.95209139585495,-1.3195865154266357
287,0.09648545831441879,0.9523385763168335,-1.3218330144882202
288,0.09597408026456833,0.9525885581970215,-1.324116826057434
289,0.09545719623565674,0.9528413414955139,-1.326438546180725
290,0.09493577480316162,0.9530954957008362,-1.3287854194641113
291,0.09440955519676208,0.9533519744873047,-1.3311667442321777
292,0.09387772530317307,0.9536120295524597,-1.3335946798324585
293,0.0933399572968483,0.953873872756958,-1.3360530138015747
294,0.09279800951480865,0.9541387557983398,-1.3385541439056396
295,0.09224987030029297,0.9544064998626709,-1.341097116470337
296,0.0916963741183281,0.9546776413917542,-1.3436875343322754
297,0.09113657474517822,0.9549508690834045,-1.3463135957717896
298,0.09057251363992691,0.9552265405654907,-1.3489793539047241
299,0.09000181406736374,0.9555051326751709,-1.3516900539398193
300,0.08942614495754242,0.9557868838310242,-1.354448914527893
301,0.08884449303150177,0.9560708403587341,-1.3572471141815186
302,0.08825737982988358,0.9563578367233276,-1.3600937128067017
303,0.08766401559114456,0.9566475749015808,-1.3629865646362305
304,0.08706586062908173,0.9569411873817444,-1.3659379482269287
305,0.08646149933338165,0.9572358727455139,-1.3689204454421997
306,0.08585263788700104,0.9575337767601013,-1.3719563484191895
307,0.08523794263601303,0.957834780216217,-1.375045657157898
308,0.08461890369653702,0.958138108253479,-1.3781810998916626
309,0.0839945524930954,0.958444356918335,-1.381369948387146
310,0.0833653062582016,0.9587517380714417,-1.3845943212509155
311,0.08273272961378098,0.9590615630149841,-1.3878687620162964
312,0.08209560811519623,0.9593732953071594,-1.391188383102417
313,0.081454336643219,0.9596874117851257,-1.3945592641830444
314,0.08081032335758209,0.9600030183792114,-1.397972822189331
315,0.0801626592874527,0.960320234298706,-1.4014308452606201
316,0.07951243966817856,0.9606390595436096,-1.4049345254898071
317,0.07886046171188354,0.960957944393158,-1.4084672927856445
318,0.0782066062092781,0.9612789750099182,-1.412053108215332
319,0.07755094021558762,0.9616005420684814,-1.4156749248504639
320,0.07689479738473892,0.9619220495223999,-1.4193264245986938
321,0.07623881846666336,0.9622434973716736,-1.4230082035064697
322,0.07558315992355347,0.9625647664070129,-1.4267194271087646
323,0.07492713630199432,0.962886393070221,-1.430466890335083
324,0.07427340745925903,0.9632071852684021,-1.434237003326416
325,0.07362043857574463,0.9635289311408997,-1.438051462173462
326,0.07296956330537796,0.9638479351997375,-1.4418668746948242
327,0.07232237607240677,0.9641656279563904,-1.4457001686096191
328,0.07167793065309525,0.9644815325737,-1.4495457410812378
329,0.0710374191403389,0.9647964835166931,-1.453413963317871
330,0.0704004094004631,0.9651100039482117,-1.4572991132736206
331,0.06976901739835739,0.9654197692871094,-1.461172103881836
332,0.06914106011390686,0.965728223323822,-1.4650633335113525
333,0.06851956248283386,0.9660339951515198,-1.4689555168151855
334,0.06790318340063095,0.9663370251655579,-1.4728474617004395
335,0.06729242950677872,0.9666363000869751,-1.4767258167266846
336,0.06668862700462341,0.96693354845047,-1.4806123971939087
337,0.0660896748304367,0.9672282934188843,-1.4845008850097656
338,0.06549906730651855,0.9675195217132568,-1.488377571105957
339,0.0649142861366272,0.967805802822113,-1.4922224283218384
340,0.06433707475662231,0.9680901765823364,-1.4960756301879883
341,0.06376613676548004,0.9683711528778076,-1.499916672706604
342,0.06320290267467499,0.9686482548713684,-1.503738284111023
343,0.06264731287956238,0.9689214825630188,-1.5075397491455078
344,0.06209824979305267,0.9691919088363647,-1.5113352537155151
345,0.061556294560432434,0.9694581627845764,-1.51510488986969
346,0.061022739857435226,0.9697213768959045,-1.5188639163970947
347,0.06049549952149391,0.9699807167053223,-1.522599697113037
348,0.05997630953788757,0.97023606300354,-1.526309609413147
349,0.0594635009765625,0.9704887866973877,-1.5300129652023315
350,0.05895892158150673,0.9707369208335876,-1.5336799621582031
351,0.05846133455634117,0.9709832668304443,-1.5373514890670776
352,0.057970013469457626,0.9712249040603638,-1.5409832000732422
353,0.05748641490936279,0.9714635014533997,-1.5445992946624756
354,0.05700952932238579,0.9716981649398804,-1.5481853485107422
355,0.05653994902968407,0.9719301462173462,-1.5517598390579224
356,0.05607670918107033,0.9721577763557434,-1.5552960634231567
357,0.0556199885904789,0.9723827838897705,-1.558820128440857
358,0.05517046898603439,0.9726051092147827,-1.5623304843902588
359,0.05472676828503609,0.9728235602378845,-1.5658074617385864
360,0.05428966507315636,0.9730388522148132,-1.5692616701126099
361,0.053859125822782516,0.9732518196105957,-1.5727057456970215
362,0.05343399569392204,0.9734611511230469,-1.5761178731918335
363,0.05301535874605179,0.9736676812171936,-1.5795109272003174
364,0.052602365612983704,0.9738718867301941,-1.5828919410705566
365,0.05219525843858719,0.9740721583366394,-1.5862336158752441
366,0.0517939031124115,0.974270761013031,-1.5895730257034302
367,0.051398083567619324,0.9744651317596436,-1.5928664207458496
368,0.051007844507694244,0.9746588468551636,-1.596173644065857
369,0.05062251538038254,0.9748485684394836,-1.5994372367858887
370,0.05024265497922897,0.9750358462333679,-1.602683186531067
371,0.04986828565597534,0.9752213954925537,-1.6059231758117676
372,0.04949827119708061,0.9754042029380798,-1.609139084815979
373,0.04913349449634552,0.9755837321281433,-1.6123206615447998
374,0.048773400485515594,0.975761890411377,-1.6155012845993042
375,0.04841820150613785,0.9759365320205688,-1.61864173412323
376,0.048067860305309296,0.9761107563972473,-1.6217975616455078
377,0.047721050679683685,0.9762817621231079,-1.6249176263809204
378,0.047379765659570694,0.9764500856399536,-1.628010630607605
379,0.047042470425367355,0.9766170978546143,-1.6311016082763672
380,0.046708982437849045,0.976781964302063,-1.6341744661331177
381,0.0463797003030777,0.9769446849822998,-1.6372289657592773
382,0.04605498164892197,0.977104902267456,-1.640257477760315
383,0.04573342949151993,0.9772643446922302,-1.6432925462722778
384,0.045416563749313354,0.9774208664894104,-1.6462926864624023
385,0.04510273039340973,0.977575957775116,-1.649286150932312
386,0.044792890548706055,0.977729082107544,-1.6522618532180786
387,0.044487178325653076,0.9778799414634705,-1.655213713645935
388,0.044184889644384384,0.9780287146568298,-1.6581445932388306
389,0.04388520494103432,0.9781784415245056,-1.66111421585083
390,0.043589577078819275,0.978324294090271,-1.6640267372131348
391,0.043297164142131805,0.9784687757492065,-1.6669312715530396
392,0.04300818219780922,0.9786115884780884,-1.6698215007781982
393,0.0427219457924366,0.9787534475326538,-1.6727114915847778
394,0.04243908077478409,0.9788932204246521,-1.675577998161316
395,0.042159244418144226,0.9790322780609131,-1.6784487962722778
396,0.04188244044780731,0.9791681170463562,-1.6812714338302612
397,0.04160858690738678,0.9793041348457336,-1.6841163635253906
398,0.04133734852075577,0.979438304901123,-1.6869410276412964
399,0.04106906056404114,0.9795710444450378,-1.6897538900375366
400,0.04080335423350334,0.9797021150588989,-1.692549228668213
401,0.040540412068367004,0.9798325896263123,-1.6953498125076294
402,0.04027962312102318,0.9799609780311584,-1.6981234550476074
403,0.04002228006720543,0.9800887107849121,-1.700900673866272
404,0.039766788482666016,0.9802151918411255,-1.7036681175231934
405,0.039513587951660156,0.9803406596183777,-1.7064310312271118
406,0.03926291689276695,0.9804649353027344,-1.7091851234436035
407,0.03901464119553566,0.980587363243103,-1.7119154930114746
408,0.03876872360706329,0.9807097911834717,-1.714663028717041
409,0.03852445259690285,0.9808300733566284,-1.7173795700073242
410,0.03828270360827446,0.9809498190879822,-1.7201008796691895
411,0.03804313763976097,0.9810686111450195,-1.7228175401687622
412,0.03780526667833328,0.98118656873703,-1.7255319356918335
413,0.037569865584373474,0.9813040494918823,-1.7282524108886719
414,0.03733564168214798,0.9814192056655884,-1.7309356927871704
415,0.03710358589887619,0.9815343618392944,-1.733635663986206
416,0.03687354549765587,0.9816484451293945,-1.7363271713256836
417,0.03664517030119896,0.9817616939544678,-1.7390154600143433
418,0.03641825169324875,0.9818746447563171,-1.741713523864746
419,0.03619351238012314,0.9819849729537964,-1.7443650960922241
420,0.035969655960798264,0.9820960164070129,-1.7470502853393555
421,0.03574785962700844,0.9822057485580444,-1.7497203350067139
422,0.035527393221855164,0.982314944267273,-1.7523936033248901
423,0.035308390855789185,0.9824241995811462,-1.7550848722457886
424,0.035090431571006775,0.9825314879417419,-1.7577440738677979
425,0.0348745696246624,0.982638418674469,-1.7604106664657593
426,0.034659456461668015,0.982745885848999,-1.7631072998046875
427,0.03444554656744003,0.9828513860702515,-1.7657710313796997
428,0.034233104437589645,0.9829563498497009,-1.768437385559082
429,0.034021828323602676,0.9830613136291504,-1.771120309829712
430,0.03381142020225525,0.9831658005714417,-1.7738075256347656
431,0.0336022786796093,0.983269214630127,-1.7764836549758911
432,0.03339400142431259,0.9833729863166809,-1.7791857719421387
433,0.033186495304107666,0.9834756255149841,-1.7818750143051147
434,0.032980337738990784,0.9835780262947083,-1.7845746278762817
435,0.03277497738599777,0.9836801290512085,-1.7872833013534546
436,0.032570526003837585,0.9837812185287476,-1.789981722831726
437,0.032366860657930374,0.9838820695877075,-1.7926907539367676
438,0.03216388076543808,0.9839828610420227,-1.7954150438308716
439,0.03196170553565025,0.9840827584266663,-1.7981321811676025
440,0.03176048398017883,0.9841827154159546,-1.800868034362793
441,0.03155973553657532,0.984282374382019,-1.8036130666732788
442,0.031360071152448654,0.9843812584877014,-1.8063539266586304
443,0.031160810962319374,0.9844805002212524,-1.8091223239898682
444,0.030962327495217323,0.9845783114433289,-1.8118680715560913
445,0.030764304101467133,0.984676718711853,-1.8146482706069946
446,0.03056746907532215,0.9847749471664429,-1.8174412250518799
447,0.030370594933629036,0.9848724007606506,-1.8202300071716309
448,0.030174849554896355,0.9849689602851868,-1.8230109214782715
449,0.029979871585965157,0.9850666522979736,-1.8258428573608398
450,0.02978525683283806,0.985162615776062,-1.8286426067352295
451,0.029591886326670647,0.9852591753005981,-1.831478238105774
452,0.029398562386631966,0.9853552579879761,-1.8343182802200317
453,0.0292062908411026,0.985449492931366,-1.837121844291687
454,0.02901468053460121,0.985544741153717,-1.8399741649627686
455,0.02882402390241623,0.9856395125389099,-1.842830777168274
456,0.02863418310880661,0.9857347011566162,-1.8457190990447998
457,0.028444653376936913,0.9858286380767822,-1.848588466644287
458,0.028256652876734734,0.9859219193458557,-1.8514565229415894
459,0.028068892657756805,0.9860149621963501,-1.8543363809585571
460,0.027882469817996025,0.9861074090003967,-1.857216715812683
461,0.027696756646037102,0.986199140548706,-1.8600938320159912
462,0.027512386441230774,0.986290693283081,-1.862984538078308
463,0.027328699827194214,0.9863824248313904,-1.8659002780914307
464,0.02714606747031212,0.9864724278450012,-1.8687801361083984
465,0.026964711025357246,0.9865630865097046,-1.8717005252838135
466,0.026784060522913933,0.9866530895233154,-1.8746192455291748
467,0.026604950428009033,0.9867415428161621,-1.877506971359253
468,0.026426713913679123,0.9868302345275879,-1.8804219961166382
469,0.026249976828694344,0.9869175553321838,-1.883311152458191
470,0.02607412450015545,0.9870050549507141,-1.8862255811691284
471,0.02589983493089676,0.9870917201042175,-1.8891316652297974
472,0.025726396590471268,0.9871780872344971,-1.8920471668243408
473,0.025554347783327103,0.9872632622718811,-1.894941806793213
474,0.025383710861206055,0.9873485565185547,-1.8978599309921265
475,0.025214441120624542,0.9874325394630432,-1.9007524251937866
476,0.02504645474255085,0.9875162839889526,-1.9036561250686646
477,0.024879738688468933,0.9875984787940979,-1.9065250158309937
478,0.024714499711990356,0.9876811504364014,-1.909429907798767
479,0.02455064468085766,0.9877626895904541,-1.9123140573501587
480,0.02438805252313614,0.98784339427948,-1.9151877164840698
481,0.02422701194882393,0.9879228472709656,-1.9180353879928589
482,0.02406744286417961,0.9880027174949646,-1.9209171533584595
483,0.023909244686365128,0.9880813956260681,-1.9237746000289917
484,0.023752151057124138,0.9881591796875,-1.926618218421936
485,0.023596767336130142,0.9882361888885498,-1.9294519424438477
486,0.023442503064870834,0.988312840461731,-1.932291030883789
487,0.023289885371923447,0.9883893132209778,-1.9351420402526855
488,0.023138711228966713,0.9884640574455261,-1.9379469156265259
489,0.022989021614193916,0.988538384437561,-1.9407541751861572
490,0.022840233519673347,0.9886122345924377,-1.9435614347457886
491,0.022693252190947533,0.9886853694915771,-1.946359634399414
492,0.022547747939825058,0.9887582659721375,-1.9491666555404663
493,0.02240312285721302,0.9888300895690918,-1.9519503116607666
494,0.022260291501879692,0.9889012575149536,-1.954726219177246
495,0.022118639200925827,0.9889703392982483,-1.9574378728866577
496,0.021978627890348434,0.9890407919883728,-1.9602208137512207
497,0.021839721128344536,0.9891098737716675,-1.962967038154602
498,0.02170216478407383,0.9891790151596069,-1.9657331705093384
499,0.02156568132340908,0.9892460107803345,-1.9684303998947144
500,0.021430980414152145,0.9893139600753784,-1.971183180809021
501,0.021297002211213112,0.9893801212310791,-1.973880410194397
502,0.021164925768971443,0.9894455671310425,-1.9765651226043701
503,0.02103368192911148,0.9895108938217163,-1.9792615175247192
504,0.02090367116034031,0.9895757436752319,-1.9819549322128296
505,0.020775185897946358,0.989639937877655,-1.9846376180648804
506,0.020647717639803886,0.989703357219696,-1.9873043298721313
507,0.020521489903330803,0.989766001701355,-1.9899547100067139
508,0.020396368578076363,0.9898277521133423,-1.9925830364227295
509,0.020272670313715935,0.9898889660835266,-1.9952044486999512
510,0.020149987190961838,0.9899502992630005,-1.9978468418121338
511,0.02002836763858795,0.9900104403495789,-2.0004537105560303
512,0.01990799605846405,0.9900704622268677,-2.0030710697174072
513,0.019788816571235657,0.9901301264762878,-2.005688428878784
514,0.019670387730002403,0.9901888370513916,-2.00827956199646
515,0.0195535309612751,0.9902467131614685,-2.0108489990234375
516,0.019437409937381744,0.9903050661087036,-2.0134551525115967
517,0.01932252012193203,0.9903621077537537,-2.0160179138183594
518,0.019208677113056183,0.990418016910553,-2.0185446739196777
519,0.019095933064818382,0.9904744625091553,-2.0211105346679688
520,0.018983984366059303,0.9905301332473755,-2.023656129837036
521,0.018873274326324463,0.9905863404273987,-2.0262415409088135
522,0.01876329444348812,0.9906399846076965,-2.0287234783172607
523,0.01865437813103199,0.9906945824623108,-2.031264066696167
524,0.01854667253792286,0.99074786901474,-2.0337581634521484
525,0.01843951642513275,0.990800678730011,-2.0362441539764404
526,0.018333639949560165,0.9908542633056641,-2.0387814044952393
527,0.018228618428111076,0.9909063577651978,-2.041262149810791
528,0.018124235793948174,0.9909588098526001,-2.043774366378784
529,0.0180211178958416,0.9910089373588562,-2.046189069747925
530,0.017918871715664864,0.9910603165626526,-2.048677921295166
531,0.017817117273807526,0.9911113381385803,-2.051163673400879
532,0.017716407775878906,0.9911612868309021,-2.0536110401153564
533,0.01761673204600811,0.9912106394767761,-2.0560426712036133
534,0.01751760207116604,0.9912612438201904,-2.0585503578186035
535,0.017419373616576195,0.9913092851638794,-2.0609445571899414
536,0.01732214353978634,0.9913576245307922,-2.0633668899536133
537,0.017225438728928566,0.9914056658744812,-2.0657877922058105
538,0.017129788175225258,0.9914531707763672,-2.06819486618042
539,0.017034703865647316,0.9915012121200562,-2.0706429481506348
540,0.016940226778388023,0.9915476441383362,-2.0730221271514893
541,0.01684686914086342,0.9915940761566162,-2.0754146575927734
542,0.016754090785980225,0.9916404485702515,-2.077816963195801
543,0.016661511734128,0.9916864037513733,-2.0802111625671387
544,0.01657048426568508,0.9917317628860474,-2.0825870037078857
545,0.01647964119911194,0.9917774796485901,-2.0849950313568115
546,0.01638966239988804,0.9918218851089478,-2.0873467922210693
547,0.016300033777952194,0.9918665289878845,-2.089724063873291
548,0.016211222857236862,0.9919106960296631,-2.0920889377593994
549,0.01612308993935585,0.9919548630714417,-2.0944664478302
550,0.016035672277212143,0.9919984340667725,-2.096825122833252
551,0.015948601067066193,0.9920414090156555,-2.099163770675659
552,0.015862349420785904,0.9920846223831177,-2.1015284061431885
553,0.01577671803534031,0.9921268820762634,-2.103853225708008
554,0.015691470354795456,0.9921702146530151,-2.106250047683716
555,0.015606869012117386,0.9922123551368713,-2.1085939407348633
556,0.015523060224950314,0.9922536015510559,-2.1109001636505127
557,0.015439382754266262,0.992295503616333,-2.113255739212036
558,0.015356362797319889,0.9923359751701355,-2.1155431270599365
559,0.015273950062692165,0.9923768639564514,-2.117866277694702
560,0.015192165970802307,0.9924182891845703,-2.1202328205108643
561,0.015110522508621216,0.9924585223197937,-2.1225435733795166
562,0.015029520727694035,0.9924996495246887,-2.1249184608459473
563,0.014948860742151737,0.9925397634506226,-2.1272473335266113
564,0.01486895140260458,0.9925787448883057,-2.1295225620269775
565,0.0147893400862813,0.9926188588142395,-2.1318764686584473
566,0.01471039280295372,0.9926579594612122,-2.134183168411255
567,0.014631391502916813,0.9926981925964355,-2.1365697383880615
568,0.014553151093423367,0.9927365779876709,-2.1388587951660156
569,0.014475229196250439,0.9927756786346436,-2.141202926635742
570,0.014397835358977318,0.992813766002655,-2.143498659133911
571,0.014320652931928635,0.9928527474403381,-2.1458609104156494
572,0.01424395851790905,0.9928908944129944,-2.1481850147247314
573,0.01416768692433834,0.9929282069206238,-2.150470495223999
574,0.014091926626861095,0.9929664134979248,-2.1528232097625732
575,0.014016155153512955,0.9930047988891602,-2.1551997661590576
576,0.013940966688096523,0.9930416345596313,-2.1574928760528564
577,0.013866200111806393,0.9930790662765503,-2.1598353385925293
578,0.013791523873806,0.9931164383888245,-2.162186861038208
579,0.01371736079454422,0.993152916431427,-2.164494276046753
580,0.013643540441989899,0.9931896328926086,-2.1668295860290527
581,0.013570020906627178,0.9932262301445007,-2.1691696643829346
582,0.013496767729520798,0.993263304233551,-2.171553134918213
583,0.013423982076346874,0.9932997822761536,-2.1739110946655273
584,0.01335141435265541,0.9933355450630188,-2.1762354373931885
585,0.013278981670737267,0.9933715462684631,-2.1785876750946045
586,0.013207301497459412,0.9934075474739075,-2.180953025817871
587,0.013135711662471294,0.9934433102607727,-2.1833152770996094
588,0.01306427177041769,0.9934782385826111,-2.1856350898742676
589,0.01299324445426464,0.9935140013694763,-2.188023090362549
590,0.012922633439302444,0.9935495257377625,-2.19040846824646
591,0.012852179817855358,0.9935835003852844,-2.192701816558838
592,0.01278207078576088,0.9936187863349915,-2.195096731185913
593,0.012712405063211918,0.9936531186103821,-2.197439670562744
594,0.012642912566661835,0.9936879873275757,-2.1998322010040283
595,0.012573711574077606,0.993722677230835,-2.20222544670105
596,0.012504549697041512,0.9937578439712524,-2.204665422439575
597,0.012436428107321262,0.9937913417816162,-2.2070021629333496
598,0.012367932125926018,0.9938254356384277,-2.2093937397003174
599,0.012299862690269947,0.993859589099884,-2.2118024826049805
600,0.01223234087228775,0.9938928484916687,-2.2141613960266113
601,0.012164849787950516,0.9939267039299011,-2.2165756225585938
602,0.012098070234060287,0.9939599633216858,-2.2189605236053467
603,0.01203116588294506,0.9939934015274048,-2.2213714122772217
604,0.011964724399149418,0.9940261840820312,-2.223748207092285
605,0.011898730881512165,0.9940595626831055,-2.2261815071105957
606,0.01183292269706726,0.994091808795929,-2.2285454273223877
607,0.01176748052239418,0.994124710559845,-2.230970621109009
608,0.01170221995562315,0.9941575527191162,-2.233405113220215
609,0.01163768395781517,0.9941891431808472,-2.235759735107422
610,0.011572864837944508,0.9942220449447632,-2.2382259368896484
611,0.011508839204907417,0.9942546486854553,-2.2406833171844482
612,0.01144496537744999,0.994285523891449,-2.243023633956909
613,0.011381512507796288,0.9943170547485352,-2.2454264163970947
614,0.011318337172269821,0.9943485260009766,-2.247838258743286
615,0.011255673132836819,0.9943800568580627,-2.25026798248291
616,0.01119308453053236,0.9944109320640564,-2.2526605129241943
617,0.011130888015031815,0.9944418668746948,-2.2550711631774902
618,0.011069245636463165,0.9944729804992676,-2.2575089931488037
619,0.011007924564182758,0.9945035576820374,-2.259918212890625
620,0.0109467888250947,0.9945340156555176,-2.26233172416687
621,0.010886011645197868,0.9945646524429321,-2.264772653579712
622,0.01082563679665327,0.994594156742096,-2.267136573791504
623,0.010765718296170235,0.9946237802505493,-2.2695229053497314
624,0.010706111788749695,0.9946538209915161,-2.271956443786621
625,0.010646834969520569,0.9946836829185486,-2.2743890285491943
626,0.01058770902454853,0.9947130680084229,-2.276796340942383
627,0.010529219172894955,0.994741678237915,-2.2791528701782227
628,0.010471241548657417,0.9947711825370789,-2.2815964221954346
629,0.010413122363388538,0.9947993755340576,-2.283944606781006
630,0.010355787351727486,0.9948285818099976,-2.2863903045654297
631,0.010298620909452438,0.9948570132255554,-2.2887845039367676
632,0.010241853073239326,0.9948849678039551,-2.291151523590088
633,0.010185462422668934,0.9949132800102234,-2.293562173843384
634,0.010129506699740887,0.9949417114257812,-2.2959964275360107
635,0.010073901154100895,0.9949688911437988,-2.2983362674713135
636,0.010018465109169483,0.9949972033500671,-2.3007872104644775
637,0.009963639080524445,0.9950242042541504,-2.3031375408172607
638,0.009908996522426605,0.9950515627861023,-2.3055319786071777
639,0.00985482707619667,0.9950788021087646,-2.307929277420044
640,0.009800836443901062,0.9951052069664001,-2.3102657794952393
641,0.00974737387150526,0.9951318502426147,-2.312636137008667
642,0.0096942950040102,0.9951586127281189,-2.315030097961426
643,0.009641666896641254,0.995184600353241,-2.3173675537109375
644,0.009588956832885742,0.9952110052108765,-2.3197555541992188
645,0.009536948055028915,0.9952372908592224,-2.322145938873291
646,0.009485258720815182,0.9952634572982788,-2.324538469314575
647,0.009433940052986145,0.9952884316444397,-2.3268344402313232
648,0.009382898919284344,0.9953135251998901,-2.3291537761688232
649,0.009332215413451195,0.9953400492668152,-2.3316187858581543
650,0.009281865321099758,0.9953646659851074,-2.333919048309326
651,0.009231745265424252,0.9953896403312683,-2.3362650871276855
652,0.009182334877550602,0.9954138994216919,-2.3385565280914307
653,0.00913296639919281,0.9954391121864319,-2.3409507274627686
654,0.009083852171897888,0.9954638481140137,-2.3433125019073486
655,0.009035506285727024,0.9954869747161865,-2.345532178878784
656,0.008987043052911758,0.9955115914344788,-2.347907543182373
657,0.008939082734286785,0.9955357313156128,-2.350249767303467
658,0.008891474455595016,0.9955586791038513,-2.352487802505493
659,0.00884415302425623,0.9955829381942749,-2.3548665046691895
660,0.008797147311270237,0.9956064820289612,-2.357187509536743
661,0.008750501088798046,0.9956295490264893,-2.359473705291748
662,0.00870419666171074,0.9956523776054382,-2.361748218536377
663,0.008658171631395817,0.9956753849983215,-2.3640525341033936
664,0.008612397126853466,0.9956986904144287,-2.3663992881774902
665,0.008566946722567081,0.9957204461097717,-2.3686015605926514
666,0.008521883748471737,0.9957443475723267,-2.3710339069366455
667,0.008477043360471725,0.995765745639801,-2.373223066329956
668,0.008432506583631039,0.9957879185676575,-2.3755033016204834
669,0.008388492278754711,0.99580979347229,-2.3777644634246826
670,0.008344320580363274,0.9958322644233704,-2.3800997734069824
671,0.008300765417516232,0.9958535432815552,-2.3823227882385254
672,0.008257522247731686,0.9958754777908325,-2.3846263885498047
673,0.008214497938752174,0.9958965182304382,-2.386847496032715
674,0.008171834982931614,0.9959187507629395,-2.389206886291504
675,0.00812924187630415,0.9959394335746765,-2.391413450241089
676,0.00808698870241642,0.9959607720375061,-2.3937015533447266
677,0.00804511271417141,0.9959821701049805,-2.3960084915161133
678,0.00800354778766632,0.9960023760795593,-2.398198127746582
679,0.007962048053741455,0.9960229396820068,-2.400437831878662
680,0.007920918986201286,0.9960427284240723,-2.402604103088379
681,0.007880105637013912,0.9960634112358093,-2.4048800468444824
682,0.00783963780850172,0.9960842132568359,-2.4071810245513916
683,0.007799066137522459,0.9961038827896118,-2.4093680381774902
684,0.0077592055313289165,0.996123731136322,-2.411586046218872
685,0.007719258312135935,0.9961445331573486,-2.4139230251312256
686,0.007679816801100969,0.9961636066436768,-2.416076898574829
687,0.007640358991920948,0.9961836934089661,-2.4183566570281982
688,0.007601410616189241,0.9962027668952942,-2.420532703399658
689,0.007562567014247179,0.9962220191955566,-2.4227402210235596
690,0.007523831911385059,0.9962415099143982,-2.4249866008758545
691,0.007485486101359129,0.9962610602378845,-2.4272515773773193
692,0.007447398267686367,0.9962798357009888,-2.4294378757476807
693,0.007409513462334871,0.9962981939315796,-2.431586265563965
694,0.0073719266802072525,0.9963172078132629,-2.4338228702545166
695,0.007334401831030846,0.9963356256484985,-2.436000108718872
696,0.007297204807400703,0.9963539838790894,-2.4381814002990723
697,0.007260339334607124,0.9963727593421936,-2.4404237270355225
698,0.007223296444863081,0.9963915944099426,-2.4426846504211426
699,0.007186910603195429,0.9964091777801514,-2.4448060989379883
700,0.007150523364543915,0.9964284896850586,-2.447148084640503
701,0.0071142748929560184,0.9964461922645569,-2.449306011199951
702,0.007078445516526699,0.9964640736579895,-2.4514968395233154
703,0.00704259192571044,0.99648118019104,-2.4536030292510986
704,0.007007127162069082,0.9964998364448547,-2.455911636352539
705,0.00697180675342679,0.9965168833732605,-2.4580318927764893
706,0.006936631165444851,0.996535062789917,-2.4603047370910645
707,0.006901657674461603,0.9965527057647705,-2.462521553039551
708,0.0068669007159769535,0.9965695738792419,-2.4646518230438232
709,0.006832323968410492,0.9965866208076477,-2.46681547164917
710,0.006797995418310165,0.9966036081314087,-2.468982219696045
711,0.006763697136193514,0.9966217279434204,-2.4713053703308105
712,0.006729830056428909,0.9966380000114441,-2.473402261734009
713,0.006695910356938839,0.9966548085212708,-2.475579023361206
714,0.006662308704108,0.9966709017753601,-2.477673292160034
715,0.006628949195146561,0.996687650680542,-2.4798638820648193
716,0.00659546023234725,0.9967045783996582,-2.482089042663574
717,0.006562475115060806,0.9967213273048401,-2.484302043914795
718,0.006529548671096563,0.9967378973960876,-2.4865024089813232
719,0.00649679359048605,0.9967542886734009,-2.488690137863159
720,0.006464159581810236,0.9967700242996216,-2.4908008575439453
721,0.006431571673601866,0.9967870116233826,-2.493090867996216
722,0.006399529054760933,0.996803343296051,-2.4953041076660156
723,0.006367234047502279,0.9968188405036926,-2.4974145889282227
724,0.006335305981338024,0.9968349933624268,-2.4996254444122314
725,0.006303591653704643,0.9968503713607788,-2.5017406940460205
726,0.006271911785006523,0.9968661665916443,-2.5039241313934326
727,0.006240468472242355,0.9968816637992859,-2.5060770511627197
728,0.006209190934896469,0.9968976974487305,-2.5083158016204834
729,0.006178021430969238,0.9969139099121094,-2.510591506958008
730,0.00614691199734807,0.9969295263290405,-2.5127947330474854
731,0.006116135511547327,0.9969447255134583,-2.5149497985839844
732,0.006085398606956005,0.9969591498374939,-2.51700496673584
733,0.006054827012121677,0.9969744682312012,-2.519198179244995
734,0.006024478003382683,0.9969894886016846,-2.52135968208313
735,0.005994156934320927,0.9970049858093262,-2.5236010551452637
736,0.00596406776458025,0.9970197081565857,-2.5257411003112793
737,0.005934110376983881,0.9970352053642273,-2.528005361557007
738,0.005904247984290123,0.9970502257347107,-2.5302112102508545
739,0.00587448151782155,0.9970645904541016,-2.5323312282562256
740,0.0058450521901249886,0.9970800876617432,-2.534630298614502
741,0.005815662443637848,0.9970943331718445,-2.5367541313171387
742,0.005786364432424307,0.997108519077301,-2.538879632949829
743,0.005757354665547609,0.9971230626106262,-2.541069507598877
744,0.00572824664413929,0.9971375465393066,-2.5432615280151367
745,0.005699522793292999,0.9971529245376587,-2.5456011295318604
746,0.0056706746108829975,0.9971665143966675,-2.5476789474487305
747,0.005642132833600044,0.9971805214881897,-2.5498311519622803
748,0.0056137810461223125,0.9971950650215149,-2.552077293395996
749,0.005585527513176203,0.9972091317176819,-2.554260730743408
750,0.005557360593229532,0.9972223043441772,-2.5563154220581055
751,0.005529341753572226,0.9972368478775024,-2.5585951805114746
752,0.005501412320882082,0.9972512722015381,-2.560868263244629
753,0.00547372130677104,0.9972652792930603,-2.563086986541748
754,0.005446101073175669,0.9972793459892273,-2.565326690673828
755,0.005418554879724979,0.9972923398017883,-2.567405939102173
756,0.005391188431531191,0.9973055124282837,-2.569523811340332
757,0.005363925825804472,0.9973196983337402,-2.5718162059783936
758,0.0053368522785604,0.9973325729370117,-2.5739073753356934
759,0.005310052074491978,0.9973467588424683,-2.576223373413086
760,0.0052831051871180534,0.9973598122596741,-2.5783650875091553
761,0.005256444215774536,0.9973731637001038,-2.580566883087158
762,0.005229951813817024,0.9973867535591125,-2.582819700241089
763,0.005203451961278915,0.9973995685577393,-2.5849545001983643
764,0.005177200771868229,0.9974124431610107,-2.5871100425720215
765,0.005151020362973213,0.9974257946014404,-2.5893568992614746
766,0.00512498477473855,0.9974387884140015,-2.591554641723633
767,0.005099092144519091,0.9974519610404968,-2.5937938690185547
768,0.005073197185993195,0.9974650740623474,-2.5960347652435303
769,0.00504770502448082,0.9974775910377502,-2.598184585571289
770,0.005022176541388035,0.997490406036377,-2.6003966331481934
771,0.004996734671294689,0.9975028038024902,-2.6025474071502686
772,0.004971505608409643,0.9975157976150513,-2.6048130989074707
773,0.004946226254105568,0.9975286722183228,-2.607069730758667
774,0.004921388812363148,0.9975411295890808,-2.609264373779297
775,0.004896365571767092,0.9975531697273254,-2.611396074295044
776,0.0048717535100877285,0.9975658059120178,-2.61364483833313
777,0.0048469970934093,0.9975783228874207,-2.6158838272094727
778,0.004822662565857172,0.9975897073745728,-2.6179301738739014
779,0.004798197653144598,0.9976018667221069,-2.620126724243164
780,0.004774047061800957,0.9976136684417725,-2.6222691535949707
781,0.0047498117201030254,0.9976264238357544,-2.6245968341827393
782,0.0047258734703063965,0.9976387619972229,-2.6268601417541504
783,0.0047019668854773045,0.9976500868797302,-2.628948211669922
784,0.0046783494763076305,0.9976617693901062,-2.631112575531006
785,0.00465463986620307,0.997674286365509,-2.633443832397461
786,0.004631178453564644,0.9976853132247925,-2.635507822036743
787,0.00460779620334506,0.9976972341537476,-2.6377501487731934
788,0.004584633745253086,0.997708797454834,-2.6399364471435547
789,0.004561528563499451,0.9977200031280518,-2.6420657634735107
790,0.00453844154253602,0.9977316856384277,-2.644296646118164
791,0.0045156623236835,0.997743546962738,-2.646573781967163
792,0.0044930474832654,0.9977543950080872,-2.6486666202545166
793,0.004470205400139093,0.997765839099884,-2.650885581970215
794,0.0044478666968643665,0.9977779984474182,-2.6532557010650635
795,0.004425357095897198,0.9977883696556091,-2.655287504196167
796,0.004403216298669577,0.9977989196777344,-2.6573641300201416
797,0.004381049424409866,0.9978110790252686,-2.6597700119018555
798,0.004358974285423756,0.9978216886520386,-2.6618800163269043
799,0.004337170161306858,0.9978324174880981,-2.6640243530273438
800,0.0043154191225767136,0.9978427886962891,-2.666107416152954
801,0.004293838515877724,0.9978544116020203,-2.6684536933898926
802,0.0042722211219370365,0.9978654980659485,-2.670703411102295
803,0.004250823520123959,0.9978746771812439,-2.672574996948242
804,0.0042295269668102264,0.9978862404823303,-2.6749444007873535
805,0.004208441823720932,0.9978964924812317,-2.677055835723877
806,0.0041873762384057045,0.9979068040847778,-2.679190158843994
807,0.0041663567535579205,0.9979181289672852,-2.681546211242676
808,0.004145707935094833,0.9979280233383179,-2.683615207672119
809,0.004125002305954695,0.9979391098022461,-2.6859450340270996
810,0.004104417283087969,0.9979487657546997,-2.6879847049713135
811,0.004083945415914059,0.9979588389396667,-2.6901228427886963
812,0.004063562490046024,0.9979689717292786,-2.692284107208252
813,0.00404339237138629,0.9979792237281799,-2.69448184967041
814,0.00402322830632329,0.9979893565177917,-2.696665048599243
815,0.004003310110419989,0.9979990124702454,-2.6987555027008057
816,0.003983386792242527,0.998008668422699,-2.7008564472198486
817,0.003963576629757881,0.9980194568634033,-2.7032155990600586
818,0.003943817224353552,0.9980292320251465,-2.705364465713501
819,0.003924367483705282,0.9980380535125732,-2.707312822341919
820,0.003905015531927347,0.9980478286743164,-2.709481954574585
821,0.00388556020334363,0.9980576038360596,-2.7116622924804688
822,0.0038664527237415314,0.9980670213699341,-2.713773012161255
823,0.0038472595624625683,0.9980770349502563,-2.7160286903381348
824,0.003828386077657342,0.9980866312980652,-2.7182013988494873
825,0.003809442510828376,0.9980960488319397,-2.720344305038452
826,0.003790569491684437,0.9981053471565247,-2.722470283508301
827,0.0037719535175710917,0.9981146454811096,-2.724606990814209
828,0.0037533545400947332,0.9981239438056946,-2.7267541885375977
829,0.0037349772173911333,0.99813312292099,-2.728884220123291
830,0.003716622479259968,0.9981420040130615,-2.730955123901367
831,0.00369822490029037,0.9981513023376465,-2.7331340312957764
832,0.0036802575923502445,0.9981610774993896,-2.7354366779327393
833,0.0036621408071368933,0.9981690645217896,-2.7373268604278564
834,0.0036442249547690153,0.9981783628463745,-2.7395381927490234
835,0.003626364516094327,0.9981869459152222,-2.741589307785034
836,0.003608620259910822,0.9981961250305176,-2.743793487548828
837,0.003591032000258565,0.9982054233551025,-2.7460379600524902
838,0.003573491470888257,0.9982139468193054,-2.748105525970459
839,0.0035560419782996178,0.9982221722602844,-2.750110387802124
840,0.003538683755323291,0.9982312321662903,-2.752329111099243
841,0.0035214624367654324,0.9982394576072693,-2.7543535232543945
842,0.00350430840626359,0.9982489943504333,-2.7567124366760254
843,0.0034872707910835743,0.9982561469078064,-2.7584900856018066
844,0.0034703281708061695,0.9982650876045227,-2.7607223987579346
845,0.0034534612204879522,0.9982744455337524,-2.763071298599243
846,0.003436704631894827,0.9982824325561523,-2.7650861740112305
847,0.003420161549001932,0.9982905387878418,-2.7671408653259277
848,0.0034033849369734526,0.9982985258102417,-2.769174575805664
849,0.0033869862090796232,0.9983065128326416,-2.7712180614471436
850,0.0033705986570566893,0.9983152151107788,-2.7734556198120117
851,0.003354329615831375,0.9983229637145996,-2.7754576206207275
852,0.0033381767570972443,0.9983307123184204,-2.7774689197540283
853,0.0033219819888472557,0.9983400106430054,-2.7798945903778076
854,0.0033059455454349518,0.9983479380607605,-2.7819736003875732
855,0.003289898857474327,0.9983558058738708,-2.7840468883514404
856,0.003274220507591963,0.9983637928962708,-2.7861616611480713
857,0.0032583216670900583,0.9983713030815125,-2.7881596088409424
858,0.003242674982175231,0.9983794093132019,-2.7903265953063965
859,0.003227108856663108,0.9983862042427063,-2.79215145111084
860,0.003211588365957141,0.9983946681022644,-2.7944352626800537
861,0.0031961724162101746,0.9984028935432434,-2.796666145324707
862,0.0031808773055672646,0.9984099268913269,-2.7985827922821045
863,0.003165526082739234,0.9984181523323059,-2.800835371017456
864,0.003150354837998748,0.9984253644943237,-2.8028199672698975
865,0.0031352820806205273,0.9984331130981445,-2.804962396621704
866,0.003120277775451541,0.9984400272369385,-2.8068830966949463
867,0.003105280688032508,0.9984480142593384,-2.809112310409546
868,0.003090584883466363,0.9984550476074219,-2.8110849857330322
869,0.003075668355450034,0.9984627962112427,-2.8132686614990234
870,0.0030609958339482546,0.9984697103500366,-2.8152263164520264
871,0.0030463417060673237,0.9984768629074097,-2.817260980606079
872,0.003031856147572398,0.9984855651855469,-2.819749355316162
873,0.003017356153577566,0.9984918832778931,-2.8215651512145996
874,0.003002902027219534,0.9984988570213318,-2.823577880859375
875,0.002988616470247507,0.9985061287879944,-2.8256869316101074
876,0.0029743602499365807,0.9985130429267883,-2.8277015686035156
877,0.0029601415153592825,0.9985201954841614,-2.8297955989837646
878,0.0029461518861353397,0.998526394367218,-2.8316187858581543
879,0.002932060044258833,0.9985350966453552,-2.834191083908081
880,0.0029180690180510283,0.998541533946991,-2.836103677749634
881,0.0029041795060038567,0.9985483288764954,-2.8381316661834717
882,0.0028903582133352757,0.9985560774803162,-2.840456008911133
883,0.0028765813913196325,0.9985619187355042,-2.8422164916992188
884,0.0028628907166421413,0.998568594455719,-2.8442373275756836
885,0.002849313197657466,0.9985747933387756,-2.8461222648620605
886,0.0028357708360999823,0.998582124710083,-2.8483619689941406
887,0.002822211943566799,0.998589038848877,-2.850484848022461
888,0.002808850957080722,0.9985964298248291,-2.8527657985687256
889,0.002795499749481678,0.9986021518707275,-2.8545401096343994
890,0.002782227471470833,0.998609185218811,-2.8567306995391846
891,0.002768946113064885,0.9986151456832886,-2.858595848083496
892,0.002755790716037154,0.9986220598220825,-2.860769748687744
893,0.0027427442837506533,0.9986284971237183,-2.8628032207489014
894,0.002729782834649086,0.9986352920532227,-2.864960193634033
895,0.002716688672080636,0.9986424446105957,-2.8672423362731934
896,0.002703744685277343,0.9986486434936523,-2.869230031967163
897,0.002690920839086175,0.9986550807952881,-2.8713037967681885
898,0.002678114688023925,0.9986610412597656,-2.873232841491699
899,0.0026654384564608335,0.9986669421195984,-2.8751509189605713
900,0.002652770606800914,0.9986739754676819,-2.877448558807373
901,0.0026401402428746223,0.998680055141449,-2.879444122314453
902,0.0026275874115526676,0.9986860156059265,-2.8814098834991455
903,0.002615131437778473,0.9986925721168518,-2.883582353591919
904,0.002602669410407543,0.9986990094184875,-2.885725736618042
905,0.0025902700144797564,0.9987059235572815,-2.888040065765381
906,0.0025779742281883955,0.9987112879753113,-2.8898441791534424
907,0.0025656777434051037,0.9987174868583679,-2.8919382095336914
908,0.0025535679887980223,0.9987236857414246,-2.894042491912842
909,0.002541404915973544,0.9987297654151917,-2.896116018295288
910,0.0025293093640357256,0.9987360835075378,-2.8982815742492676
911,0.0025172634050250053,0.9987415671348572,-2.900169849395752
912,0.0025052824057638645,0.9987480044364929,-2.9023971557617188
913,0.0024933842942118645,0.9987539649009705,-2.9044697284698486
914,0.002481472212821245,0.9987595081329346,-2.9064061641693115
915,0.0024696236941963434,0.9987649917602539,-2.908330202102661
916,0.0024579931050539017,0.9987709522247314,-2.910431146621704
917,0.002446172758936882,0.9987765550613403,-2.9124155044555664
918,0.0024346038699150085,0.9987825155258179,-2.914536476135254
919,0.0024229343980550766,0.9987881183624268,-2.9165399074554443
920,0.0024114404805004597,0.9987943172454834,-2.918766975402832
921,0.0023999072145670652,0.99880051612854,-2.9210054874420166
922,0.0023885760456323624,0.9988061189651489,-2.923038959503174
923,0.0023771384730935097,0.9988113641738892,-2.9249510765075684
924,0.00236575398594141,0.9988178014755249,-2.927309513092041
925,0.0023544372525066137,0.9988222122192383,-2.9289329051971436
926,0.002343326574191451,0.9988287687301636,-2.9313573837280273
927,0.0023320852778851986,0.9988338947296143,-2.933262348175049
928,0.002321002073585987,0.9988397359848022,-2.935443162918091
929,0.002309988485649228,0.998845100402832,-2.937455654144287
930,0.002298850566148758,0.9988511800765991,-2.9397480487823486
931,0.002287963405251503,0.998856246471405,-2.9416675567626953
932,0.0022770061623305082,0.9988613724708557,-2.9436182975769043
933,0.002266179770231247,0.9988672137260437,-2.945852041244507
934,0.002255317522212863,0.9988724589347839,-2.9478676319122314
935,0.0022446017246693373,0.9988781809806824,-2.9500772953033447
936,0.002233831211924553,0.9988834261894226,-2.9521126747131348
937,0.0022233251947909594,0.9988884329795837,-2.95406436920166
938,0.002212552120909095,0.9988935589790344,-2.956071615219116
939,0.002202123636379838,0.9988983273506165,-2.9579474925994873
940,0.002191562205553055,0.9989039301872253,-2.9601616859436035
941,0.0021811185870319605,0.9989094138145447,-2.9623401165008545
942,0.0021706896368414164,0.9989147782325745,-2.9644815921783447
943,0.0021603393834084272,0.9989197850227356,-2.966489791870117
944,0.0021500939037650824,0.9989253878593445,-2.9687483310699463
945,0.0021398018579930067,0.9989299178123474,-2.970582962036133
946,0.0021295398473739624,0.998934805393219,-2.9725711345672607
947,0.0021193891298025846,0.998940646648407,-2.974959135055542
948,0.002109331311658025,0.9989452958106995,-2.9768693447113037
949,0.0020992851350456476,0.9989505410194397,-2.979034423828125
950,0.0020893272012472153,0.9989553093910217,-2.9810123443603516
951,0.0020793501753360033,0.998960554599762,-2.983198404312134
952,0.002069428563117981,0.998964786529541,-2.9849700927734375
953,0.0020596010144799948,0.9989707469940186,-2.9874777793884277
954,0.002049798844382167,0.9989746809005737,-2.9891409873962402
955,0.002040055813267827,0.9989800453186035,-2.9914190769195557
956,0.0020303751807659864,0.9989852905273438,-2.9936583042144775
957,0.0020207036286592484,0.9989898204803467,-2.9956014156341553
958,0.0020110830664634705,0.9989942312240601,-2.997501850128174
959,0.0020015384070575237,0.9989992380142212,-2.999669313430786
960,0.001992009347304702,0.9990041255950928,-3.001795530319214
961,0.0019825363997370005,0.9990084171295166,-3.0036709308624268
962,0.0019732278306037188,0.9990139007568359,-3.0060794353485107
963,0.00196383660659194,0.9990174770355225,-3.007657289505005
964,0.0019545238465070724,0.9990220069885254,-3.009664297103882
965,0.001945264870300889,0.9990277290344238,-3.0122127532958984
966,0.001936045242473483,0.999031662940979,-3.0139734745025635
967,0.001926867407746613,0.9990370273590088,-3.016386032104492
968,0.0019177449867129326,0.9990414381027222,-3.0183799266815186
969,0.0019087415421381593,0.9990462064743042,-3.020545721054077
970,0.001899627735838294,0.999050498008728,-3.0225040912628174
971,0.001890647574327886,0.9990552663803101,-3.024690628051758
972,0.0018818010576069355,0.9990589618682861,-3.026392698287964
973,0.001872906112112105,0.9990630149841309,-3.0282673835754395
974,0.0018640839261934161,0.9990679025650024,-3.03053879737854
975,0.0018553005065768957,0.9990723133087158,-3.0325987339019775
976,0.0018465843750163913,0.9990766048431396,-3.0346124172210693
977,0.0018378697568550706,0.9990814924240112,-3.036917209625244
978,0.0018292380264028907,0.9990856647491455,-3.0388946533203125
979,0.0018206548411399126,0.9990889430046082,-3.040454387664795
980,0.0018120658351108432,0.9990933537483215,-3.042562246322632
981,0.0018036456312984228,0.9990978837013245,-3.0447375774383545
982,0.001795121468603611,0.9991022944450378,-3.0468661785125732
983,0.001786711742170155,0.9991068243980408,-3.049063205718994
984,0.0017783610383048654,0.9991111159324646,-3.051154851913452
985,0.0017700317548587918,0.9991148114204407,-3.052964210510254
986,0.0017617489211261272,0.9991193413734436,-3.055192470550537
987,0.0017535503720864654,0.9991230368614197,-3.057018756866455
988,0.0017453067703172565,0.9991275668144226,-3.05926775932312
989,0.0017371942522004247,0.9991306662559509,-3.0608134269714355
990,0.001729099196381867,0.9991353154182434,-3.0631422996520996
991,0.0017210383666679263,0.9991394877433777,-3.0652430057525635
992,0.0017130353953689337,0.999143660068512,-3.0673537254333496
993,0.0017051025060936809,0.9991469979286194,-3.069049835205078
994,0.0016971671720966697,0.9991516470909119,-3.0714235305786133
995,0.0016892497660592198,0.9991552233695984,-3.0732581615448
996,0.0016813862603157759,0.9991592764854431,-3.0753467082977295
997,0.0016736718825995922,0.9991629719734192,-3.0772600173950195
998,0.001665817340835929,0.9991669058799744,-3.07930588722229
999,0.0016581815434619784,0.9991706013679504,-3.0812366008758545
1000,0.0016505233943462372,0.9991752505302429,-3.0836780071258545
1001,0.0016428270610049367,0.9991784691810608,-3.085376024246216
1002,0.0016352933598682284,0.9991822838783264,-3.087397336959839
1003,0.00162774627096951,0.9991862177848816,-3.089491844177246
1004,0.0016202256083488464,0.9991901516914368,-3.0915963649749756
1005,0.001612691325135529,0.9991931319236755,-3.0931975841522217
1006,0.0016053294530138373,0.999197781085968,-3.0957071781158447
1007,0.001597887952812016,0.9992008805274963,-3.09738826751709
1008,0.0015905932523310184,0.999204695224762,-3.099466323852539
1009,0.0015832186909392476,0.9992077946662903,-3.1011621952056885
1010,0.0015759608941152692,0.9992122054100037,-3.1035869121551514
1011,0.0015687326667830348,0.9992157816886902,-3.105562925338745
1012,0.0015615270240232348,0.9992192387580872,-3.1074817180633545
1013,0.0015544032212346792,0.9992220997810364,-3.1090760231018066
1014,0.001547241467051208,0.9992261528968811,-3.111344814300537
1015,0.0015400918200612068,0.9992296695709229,-3.1133229732513428
1016,0.001533090602606535,0.9992337226867676,-3.1156139373779297
1017,0.001526056439615786,0.9992372989654541,-3.117645740509033
1018,0.001519124722108245,0.9992401599884033,-3.1192779541015625
1019,0.001512136310338974,0.9992431402206421,-3.1209845542907715
1020,0.0015052837552502751,0.9992467164993286,-3.1230416297912598
1021,0.0014983846340328455,0.9992510080337524,-3.1255228519439697
1022,0.001491554081439972,0.9992539882659912,-3.1272542476654053
1023,0.0014847546117380261,0.9992566108703613,-3.128783702850342
1024,0.0014779389603063464,0.9992612600326538,-3.1315083503723145
1025,0.0014712566044181585,0.9992647171020508,-3.1335456371307373
1026,0.0014645829796791077,0.9992663860321045,-3.1345324516296387
1027,0.0014578902628272772,0.9992711544036865,-3.137364387512207
1028,0.001451224321499467,0.9992737770080566,-3.138930082321167
1029,0.0014446009881794453,0.9992769956588745,-3.1408591270446777
1030,0.001438064151443541,0.9992810487747192,-3.1433005332946777
1031,0.0014314899453893304,0.9992843866348267,-3.1453216075897217
1032,0.0014250618405640125,0.999287486076355,-3.1472065448760986
1033,0.00141851173248142,0.9992905855178833,-3.1491000652313232
1034,0.0014121251879259944,0.9992944002151489,-3.1514415740966797
1035,0.001405699527822435,0.9992972612380981,-3.1532061100006104
1036,0.0013992490712553263,0.9992998838424683,-3.154829978942871
1037,0.0013929699780419469,0.9993026256561279,-3.15653395652771
1038,0.0013866485096514225,0.9993069171905518,-3.159214973449707
1039,0.001380360801704228,0.9993090629577637,-3.1605615615844727
1040,0.001374060520902276,0.9993126392364502,-3.1628153324127197
1041,0.0013678496470674872,0.9993155002593994,-3.1646265983581543
1042,0.0013616415672004223,0.999319314956665,-3.167053699493408
1043,0.0013554560719057918,0.9993222951889038,-3.168959379196167
1044,0.001349341357126832,0.999326229095459,-3.171487808227539
1045,0.001343222102150321,0.99932861328125,-3.173027276992798
1046,0.0013370952801778913,0.9993314743041992,-3.174881935119629
1047,0.0013310740469023585,0.9993345737457275,-3.1769001483917236
1048,0.0013250173069536686,0.9993375539779663,-3.178849458694458
1049,0.0013190831523388624,0.9993395805358887,-3.180180072784424
1050,0.0013130492297932506,0.9993432760238647,-3.1826171875
1051,0.0013071156572550535,0.9993463754653931,-3.184671640396118
1052,0.0013011766131967306,0.9993486404418945,-3.1861791610717773
1053,0.0012953197583556175,0.9993528127670288,-3.1889700889587402
1054,0.001289434963837266,0.9993549585342407,-3.1904122829437256
1055,0.0012835549423471093,0.9993582963943481,-3.1926655769348145
1056,0.001277780276723206,0.9993606805801392,-3.194282054901123
1057,0.0012719803489744663,0.9993641376495361,-3.196636915206909
1058,0.0012662406079471111,0.9993667602539062,-3.1984317302703857
1059,0.0012604595394805074,0.9993696212768555,-3.2003984451293945
1060,0.0012547725345939398,0.9993727207183838,-3.2025389671325684
1061,0.0012490841327235103,0.9993749856948853,-3.2041101455688477
1062,0.0012434051604941487,0.9993782043457031,-3.2063522338867188
1063,0.001237784861586988,0.9993813037872314,-3.2085225582122803
1064,0.0012321814429014921,0.999383807182312,-3.2102832794189453
1065,0.0012265823315829039,0.999386191368103,-3.2119669914245605
1066,0.0012210014974698424,0.9993894100189209,-3.214250326156616
1067,0.0012155172880738974,0.9993923902511597,-3.2163753509521484
1068,0.0012100046733394265,0.9993947744369507,-3.2180826663970947
1069,0.0012044974137097597,0.9993971586227417,-3.219796895980835
1070,0.001199031830765307,0.9994008541107178,-3.2224674224853516
1071,0.0011935910442844033,0.999403178691864,-3.2241556644439697
1072,0.0011881199898198247,0.9994062781333923,-3.226417064666748
1073,0.001182784209959209,0.9994092583656311,-3.228602409362793
1074,0.0011774060549214482,0.9994108080863953,-3.229743242263794
1075,0.0011720589827746153,0.9994136691093445,-3.2318572998046875
1076,0.0011666960781440139,0.9994166493415833,-3.234070301055908
1077,0.0011615075636655092,0.9994185566902161,-3.235492706298828
1078,0.0011561840074136853,0.9994216561317444,-3.237813949584961
1079,0.0011509498581290245,0.999424159526825,-3.2396976947784424
1080,0.0011456810170784593,0.9994269013404846,-3.2417705059051514
1081,0.0011405361583456397,0.9994294047355652,-3.2436718940734863
1082,0.0011352832661941648,0.9994325041770935,-3.246037244796753
1083,0.0011301811318844557,0.9994350075721741,-3.247957468032837
1084,0.0011250157840549946,0.9994373917579651,-3.2497940063476562
1085,0.0011199141154065728,0.9994397759437561,-3.251638174057007
1086,0.0011148970806971192,0.9994418025016785,-3.2532122135162354
1087,0.0011097489623352885,0.9994457364082336,-3.256283760070801
1088,0.0011047179577872157,0.9994484782218933,-3.258437395095825
1089,0.0010997417848557234,0.9994495511054993,-3.2592830657958984
1090,0.0010946994880214334,0.9994521737098694,-3.261357069015503
1091,0.001089755678549409,0.9994547963142395,-3.263441324234009
1092,0.0010848477249965072,0.9994575381278992,-3.2656307220458984
1093,0.0010798961156979203,0.9994599223136902,-3.2675437927246094
1094,0.0010749882785603404,0.9994621872901917,-3.269368886947632
1095,0.0010701462160795927,0.99946528673172,-3.271878957748413
1096,0.0010652561904862523,0.9994674324989319,-3.273625373840332
1097,0.0010604645358398557,0.9994694590568542,-3.2752811908721924
1098,0.0010555981425568461,0.999472439289093,-3.2777276039123535
1099,0.001050796126946807,0.9994745850563049,-3.2794976234436035
1100,0.0010460889898240566,0.9994763731956482,-3.280978202819824
1101,0.0010413331910967827,0.9994783997535706,-3.2826621532440186
1102,0.0010366332717239857,0.9994814991950989,-3.285250663757324
1103,0.0010319078573957086,0.9994835257530212,-3.2869513034820557
1104,0.00102725881151855,0.9994856715202332,-3.288759469985962
1105,0.0010225772857666016,0.9994890093803406,-3.2915871143341064
1106,0.001017953734844923,0.9994903206825256,-3.2927029132843018
1107,0.0010133429896086454,0.9994925856590271,-3.2946372032165527
1108,0.00100877380464226,0.9994952082633972,-3.2968878746032715
1109,0.0010041726054623723,0.9994978308677673,-3.299149990081787
1110,0.000999677344225347,0.9995000958442688,-3.3011133670806885
1111,0.0009951470419764519,0.9995017647743225,-3.302565574645996
1112,0.0009905935730785131,0.9995047450065613,-3.305171251296997
1113,0.0009861588478088379,0.9995067715644836,-3.3069519996643066
1114,0.0009817779064178467,0.999508798122406,-3.3087399005889893
1115,0.000977300456725061,0.9995113015174866,-3.3109591007232666
1116,0.00097286282107234,0.9995126128196716,-3.3121259212493896
1117,0.0009684693650342524,0.9995153546333313,-3.3145759105682373
1118,0.0009641309734433889,0.9995176196098328,-3.316610336303711
1119,0.0009598011383786798,0.9995210766792297,-3.3197340965270996
1120,0.0009554404532536864,0.9995215535163879,-3.32016658782959
1121,0.0009511307580396533,0.9995248913764954,-3.323207139968872
1122,0.0009468900971114635,0.9995270371437073,-3.3251729011535645
1123,0.0009426182368770242,0.9995279908180237,-3.326049566268921
1124,0.0009384045843034983,0.999530017375946,-3.327918291091919
1125,0.0009342276025563478,0.999532163143158,-3.3299055099487305
1126,0.0009299970115534961,0.9995351433753967,-3.3326809406280518
1127,0.0009257780620828271,0.9995368123054504,-3.334243059158325
1128,0.0009216726175509393,0.999539315700531,-3.3365964889526367
1129,0.0009175366722047329,0.9995411038398743,-3.3382856845855713
1130,0.0009134518331848085,0.9995428919792175,-3.3399810791015625
1131,0.0009093019762076437,0.9995453953742981,-3.3423662185668945
1132,0.0009052746463567019,0.9995470643043518,-3.343963384628296
1133,0.0009012301452457905,0.9995487332344055,-3.345566749572754
1134,0.0008972477517090738,0.9995508790016174,-3.3476366996765137
1135,0.0008931395714171231,0.9995536208152771,-3.3502960205078125
1136,0.0008892093319445848,0.9995549321174622,-3.3515737056732178
1137,0.0008852240280248225,0.9995574355125427,-3.3540234565734863
1138,0.0008813027525320649,0.9995589852333069,-3.3555469512939453
1139,0.000877375015988946,0.9995612502098083,-3.357783079147339
1140,0.000873448618222028,0.9995629191398621,-3.359438180923462
1141,0.0008695790893398225,0.9995655417442322,-3.3620519638061523
1142,0.0008656895952299237,0.9995667338371277,-3.3632452487945557
1143,0.0008618630236014724,0.99956876039505,-3.365281343460083
1144,0.0008580436697229743,0.9995713829994202,-3.3679306507110596
1145,0.0008542012656107545,0.9995728135108948,-3.369382381439209
1146,0.0008504217257723212,0.9995740056037903,-3.370596170425415
1147,0.0008466935250908136,0.9995760321617126,-3.372667074203491
1148,0.0008429255685769022,0.9995781779289246,-3.374870777130127
1149,0.0008391891024075449,0.9995803236961365,-3.3770854473114014
1150,0.000835459737572819,0.9995813965797424,-3.378197193145752
1151,0.0008317999308928847,0.9995842576026917,-3.3811757564544678
1152,0.000828088668640703,0.9995858073234558,-3.3827974796295166
1153,0.0008244345081038773,0.99958735704422,-3.384425640106201
1154,0.0008208152721635997,0.9995896220207214,-3.3868160247802734
1155,0.0008172155357897282,0.9995906949043274,-3.3879528045654297
1156,0.0008135917014442384,0.9995926022529602,-3.389981269836426
1157,0.0008100083796307445,0.9995952248573303,-3.3927862644195557
1158,0.00080645433627069,0.9995967745780945,-3.3944520950317383
1159,0.00080289994366467,0.99959796667099,-3.395737886428833
1160,0.0007994141196832061,0.9995997548103333,-3.3976738452911377
1161,0.00079582748003304,0.9996016621589661,-3.3997483253479004
1162,0.0007923697121441364,0.9996033310890198,-3.401571750640869
1163,0.0007889076950959861,0.9996054768562317,-3.4039275646209717
1164,0.0007853995775803924,0.9996066689491272,-3.4052417278289795
1165,0.0007819789461791515,0.9996095299720764,-3.408412218093872
1166,0.000778533867560327,0.9996102452278137,-3.4092085361480713
1167,0.0007751586963422596,0.9996114373207092,-3.410538911819458
1168,0.0007717595435678959,0.9996138215065002,-3.4132118225097656
1169,0.0007683108560740948,0.9996159672737122,-3.4156317710876465
1170,0.0007650461629964411,0.9996175169944763,-3.4173879623413086
1171,0.0007616413640789688,0.9996187090873718,-3.41874361038208
1172,0.0007583153783343732,0.9996206164360046,-3.420921564102173
1173,0.0007550088339485228,0.9996221661567688,-3.422699213027954
1174,0.000751697807572782,0.9996234774589539,-3.4242091178894043
1175,0.0007484337547793984,0.9996252655982971,-3.426276445388794
1176,0.0007451728451997042,0.9996269345283508,-3.4282150268554688
1177,0.0007419143221341074,0.9996286034584045,-3.430162191390991
1178,0.0007386686047539115,0.9996301531791687,-3.431978225708008
1179,0.0007354951812885702,0.9996311068534851,-3.4330995082855225
1180,0.0007322710589505732,0.999633252620697,-3.4356329441070557
1181,0.0007290795911103487,0.9996350407600403,-3.437755584716797
1182,0.0007259150152094662,0.9996368288993835,-3.4398887157440186
1183,0.0007227419991977513,0.9996384978294373,-3.4418890476226807
1184,0.0007196164806373417,0.9996400475502014,-3.4437549114227295
1185,0.0007164790877141058,0.999641478061676,-3.445484161376953
1186,0.000713363871909678,0.9996433854103088,-3.447800874710083
1187,0.0007102594245225191,0.9996446967124939,-3.4494006633758545
1188,0.0007071327418088913,0.9996457695960999,-3.450714111328125
1189,0.0007041236385703087,0.999647319316864,-3.452618360519409
1190,0.0007010757108218968,0.9996485114097595,-3.4540886878967285
1191,0.000698016956448555,0.9996502995491028,-3.456303834915161
1192,0.0006949297967366874,0.9996514916419983,-3.457786798477173
1193,0.0006919612060301006,0.9996537566184998,-3.460618495941162
1194,0.0006889464566484094,0.9996558427810669,-3.463243007659912
1195,0.0006859793211333454,0.9996570348739624,-3.464750051498413
1196,0.0006829898338764906,0.9996583461761475,-3.466413736343384
1197,0.0006799925467930734,0.999659538269043,-3.4679317474365234
1198,0.0006770868203602731,0.9996607303619385,-3.4694550037384033
1199,0.0006741338293068111,0.9996628761291504,-3.47221040725708
