,loss_grape_t_adam,fid_grape_t_adam,inf_grape_t_adam
0,2.0911459922790527,0.22773264348506927,-0.11223232746124268
1,2.086651086807251,0.2288062423467636,-0.11283650249242783
2,2.0821611881256104,0.2298814356327057,-0.11344239115715027
3,2.0776751041412354,0.23095828294754028,-0.11405009776353836
4,2.073193311691284,0.23203632235527039,-0.11465933918952942
5,2.068716287612915,0.23311595618724823,-0.11527030915021896
6,2.0642428398132324,0.2341969758272171,-0.11588291078805923
7,2.059774398803711,0.23527948558330536,-0.11649727076292038
8,2.0553102493286133,0.23636338114738464,-0.11711326986551285
9,2.0508508682250977,0.23744860291481018,-0.11773086339235306
10,2.046396255493164,0.23853515088558197,-0.11835014820098877
11,2.04194712638855,0.2396230399608612,-0.11897106468677521
12,2.0375022888183594,0.2407120317220688,-0.11959349364042282
13,2.033062696456909,0.2418026477098465,-0.12021772563457489
14,2.028627395629883,0.242894247174263,-0.12084344774484634
15,2.024197578430176,0.24398702383041382,-0.12147074937820435
16,2.019772529602051,0.24508103728294373,-0.12209968268871307
17,2.0153534412384033,0.24617616832256317,-0.12273014336824417
18,2.0109386444091797,0.24727249145507812,-0.1233622133731842
19,2.0065298080444336,0.2483699768781662,-0.12399589270353317
20,2.002126455307007,0.24946855008602142,-0.1246311143040657
21,1.9977279901504517,0.2505680024623871,-0.12526778876781464
22,1.993335485458374,0.25166866183280945,-0.1259060800075531
23,1.9889484643936157,0.25277042388916016,-0.1265459507703781
24,1.9845669269561768,0.25387296080589294,-0.12718723714351654
25,1.980190634727478,0.25497666001319885,-0.12783010303974152
26,1.9758204221725464,0.25608134269714355,-0.12847454845905304
27,1.9714558124542236,0.2571869194507599,-0.12912043929100037
28,1.9670966863632202,0.2582932114601135,-0.1297677457332611
29,1.9627436399459839,0.25940075516700745,-0.13041672110557556
30,1.958396077156067,0.2605089545249939,-0.13106708228588104
31,1.954054355621338,0.2616179883480072,-0.13171890377998352
32,1.9497188329696655,0.2627279758453369,-0.13237224519252777
33,1.945389747619629,0.26383864879608154,-0.13302698731422424
34,1.9410661458969116,0.2649504542350769,-0.13368338346481323
35,1.9367480278015137,0.26606273651123047,-0.1343410611152649
36,1.9324363470077515,0.26717618107795715,-0.13500040769577026
37,1.928131103515625,0.26828986406326294,-0.13566093146800995
38,1.9238311052322388,0.2694046199321747,-0.13632309436798096
39,1.9195377826690674,0.27052000164985657,-0.1369865983724594
40,1.915250301361084,0.2716362178325653,-0.13765168190002441
41,1.9109688997268677,0.2727530896663666,-0.13831813633441925
42,1.9066932201385498,0.273870587348938,-0.13898597657680511
43,1.9024250507354736,0.2749888002872467,-0.13965526223182678
44,1.8981616497039795,0.27610763907432556,-0.14032602310180664
45,1.893904685974121,0.2772269546985626,-0.14099803566932678
46,1.8896547555923462,0.2783471643924713,-0.14167165756225586
47,1.8854103088378906,0.2794678509235382,-0.14234662055969238
48,1.88117253780365,0.2805892825126648,-0.14302310347557068
49,1.876941204071045,0.2817111611366272,-0.14370088279247284
50,1.8727152347564697,0.28283366560935974,-0.144380122423172
51,1.868496060371399,0.28395670652389526,-0.1450607180595398
52,1.8642832040786743,0.2850801646709442,-0.14574266970157623
53,1.8600770235061646,0.2862042486667633,-0.1464260220527649
54,1.8558766841888428,0.2873288691043854,-0.14711081981658936
55,1.8516829013824463,0.2884540855884552,-0.14779704809188843
56,1.8474949598312378,0.2895796597003937,-0.14848458766937256
57,1.8433139324188232,0.29070568084716797,-0.14917351305484772
58,1.839139699935913,0.2918323874473572,-0.14986394345760345
59,1.8349707126617432,0.2929593026638031,-0.15055561065673828
60,1.8308085203170776,0.294086754322052,-0.15124866366386414
61,1.8266525268554688,0.29521456360816956,-0.15194305777549744
62,1.8225033283233643,0.29634302854537964,-0.1526390016078949
63,1.8183603286743164,0.2974718511104584,-0.1533362865447998
64,1.8142237663269043,0.29860085248947144,-0.15403476357460022
65,1.8100937604904175,0.2997303605079651,-0.15473470091819763
66,1.8059700727462769,0.30086034536361694,-0.15543606877326965
67,1.8018529415130615,0.3019905388355255,-0.15613867342472076
68,1.7977418899536133,0.30312108993530273,-0.1568426787853241
69,1.793637752532959,0.304252028465271,-0.15754805505275726
70,1.7895395755767822,0.30538320541381836,-0.1582547277212143
71,1.7854483127593994,0.3065147399902344,-0.15896277129650116
72,1.7813632488250732,0.30764660239219666,-0.15967218577861786
73,1.7772842645645142,0.30877891182899475,-0.16038300096988678
74,1.7732117176055908,0.30991131067276,-0.16109509766101837
75,1.7691465616226196,0.31104403734207153,-0.1618085354566574
76,1.7650871276855469,0.31217703223228455,-0.16252334415912628
77,1.761034369468689,0.3133103549480438,-0.163239523768425
78,1.7569881677627563,0.3144438564777374,-0.16395695507526398
79,1.752948522567749,0.31557732820510864,-0.16467560827732086
80,1.7489150762557983,0.3167112171649933,-0.16539569199085236
81,1.744888186454773,0.31784549355506897,-0.16611722111701965
82,1.7408678531646729,0.3189796805381775,-0.16683992743492126
83,1.7368539571762085,0.32011428475379944,-0.16756406426429749
84,1.7328463792800903,0.3212487995624542,-0.16828936338424683
85,1.7288458347320557,0.3223838210105896,-0.16901622712612152
86,1.724851131439209,0.32351863384246826,-0.16974416375160217
87,1.7208633422851562,0.3246537148952484,-0.17047350108623505
88,1.716882348060608,0.32578903436660767,-0.17120419442653656
89,1.7129074335098267,0.32692456245422363,-0.1719362586736679
90,1.7089390754699707,0.32805994153022766,-0.1726694405078888
91,1.7049771547317505,0.3291955888271332,-0.17340411245822906
92,1.701021432876587,0.33033111691474915,-0.1741398572921753
93,1.6970727443695068,0.3314669132232666,-0.1748770922422409
94,1.6931304931640625,0.3326025903224945,-0.17561550438404083
95,1.689194679260254,0.3337385654449463,-0.17635531723499298
96,1.6852656602859497,0.3348744511604309,-0.17709636688232422
97,1.68134343624115,0.33601054549217224,-0.17783883213996887
98,1.6774269342422485,0.3371463716030121,-0.17858238518238068
99,1.673517107963562,0.3382824957370758,-0.1793273538351059
100,1.6696144342422485,0.3394183814525604,-0.18007352948188782
101,1.6657177209854126,0.3405543565750122,-0.1808210015296936
102,1.661827802658081,0.34169045090675354,-0.18156982958316803
103,1.6579442024230957,0.34282630681991577,-0.18231983482837677
104,1.654067039489746,0.34396231174468994,-0.18307121098041534
105,1.65019690990448,0.3450983166694641,-0.18382389843463898
106,1.64633309841156,0.3462340533733368,-0.18457771837711334
107,1.642475962638855,0.3473697900772095,-0.18533281981945038
108,1.638625144958496,0.3485056161880493,-0.18608932197093964
109,1.6347813606262207,0.3496411442756653,-0.18684694170951843
110,1.6309431791305542,0.35077664256095886,-0.18760588765144348
111,1.6271123886108398,0.35191214084625244,-0.1883661150932312
112,1.6232877969741821,0.35304731130599976,-0.18912747502326965
113,1.6194696426391602,0.3541824519634247,-0.18989017605781555
114,1.6156584024429321,0.3553176820278168,-0.19065426290035248
115,1.6118533611297607,0.3564526438713074,-0.19141948223114014
116,1.6080549955368042,0.3575873076915741,-0.1921859085559845
117,1.604263186454773,0.35872194170951843,-0.19295364618301392
118,1.6004780530929565,0.3598564863204956,-0.1937226504087448
119,1.5966993570327759,0.3609907031059265,-0.19449281692504883
120,1.59292733669281,0.3621247410774231,-0.19526423513889313
121,1.5891618728637695,0.3632587194442749,-0.19603699445724487
122,1.5854029655456543,0.36439236998558044,-0.19681091606616974
123,1.5816502571105957,0.3655258119106293,-0.1975860595703125
124,1.5779041051864624,0.36665910482406616,-0.19836246967315674
125,1.574164867401123,0.3677920997142792,-0.19914010167121887
126,1.570432424545288,0.3689248263835907,-0.1999189257621765
127,1.5667061805725098,0.37005719542503357,-0.20069889724254608
128,1.5629863739013672,0.3711894154548645,-0.20148015022277832
129,1.5592734813690186,0.37232154607772827,-0.2022627741098404
130,1.5555667877197266,0.373453289270401,-0.2030465304851532
131,1.5518665313720703,0.37458470463752747,-0.2038314789533615
132,1.5481736660003662,0.37571561336517334,-0.20461753010749817
133,1.5444860458374023,0.3768464922904968,-0.20540495216846466
134,1.5408061742782593,0.3779768943786621,-0.2061934769153595
135,1.5371323823928833,0.37910696864128113,-0.20698323845863342
136,1.5334653854370117,0.3802369236946106,-0.2077742964029312
137,1.5298047065734863,0.38136640191078186,-0.20856647193431854
138,1.5261505842208862,0.382495641708374,-0.20935997366905212
139,1.5225028991699219,0.3836243450641632,-0.21015450358390808
140,1.5188618898391724,0.38475272059440613,-0.2109503149986267
141,1.5152273178100586,0.3858807384967804,-0.21174725890159607
142,1.5116000175476074,0.3870084881782532,-0.21254554390907288
143,1.5079779624938965,0.388135701417923,-0.21334487199783325
144,1.5043631792068481,0.3892625868320465,-0.2141454517841339
145,1.500754714012146,0.3903888463973999,-0.21494708955287933
146,1.4971532821655273,0.3915148079395294,-0.21574996411800385
147,1.4935581684112549,0.3926406800746918,-0.21655431389808655
148,1.4899697303771973,0.39376574754714966,-0.2173595279455185
149,1.486387014389038,0.3948901891708374,-0.2181657999753952
150,1.4828119277954102,0.39601460099220276,-0.2189735323190689
151,1.4792424440383911,0.3971385657787323,-0.2197825163602829
152,1.4756799936294556,0.3982616364955902,-0.22059231996536255
153,1.4721243381500244,0.39938464760780334,-0.2214035540819168
154,1.4685747623443604,0.4005069434642792,-0.22221586108207703
155,1.4650321006774902,0.4016288220882416,-0.22302936017513275
156,1.4614956378936768,0.4027501344680786,-0.22384393215179443
157,1.4579658508300781,0.4038710296154022,-0.22465980052947998
158,1.4544422626495361,0.4049912989139557,-0.22547666728496552
159,1.450925588607788,0.40611112117767334,-0.22629480063915253
160,1.4474151134490967,0.4072304368019104,-0.22711411118507385
161,1.4439117908477783,0.40834903717041016,-0.22793442010879517
162,1.4404138326644897,0.40946725010871887,-0.22875599563121796
163,1.4369232654571533,0.41058483719825745,-0.2295786738395691
164,1.4334392547607422,0.4117019772529602,-0.2304026186466217
165,1.4299618005752563,0.4128184914588928,-0.23122763633728027
166,1.4264901876449585,0.41393429040908813,-0.23205368220806122
167,1.4230256080627441,0.41504967212677,-0.23288100957870483
168,1.4195669889450073,0.4161645472049713,-0.23370951414108276
169,1.4161157608032227,0.41727861762046814,-0.23453906178474426
170,1.4126701354980469,0.418392151594162,-0.2353697568178177
171,1.409231424331665,0.4195050299167633,-0.23620150983333588
172,1.4057990312576294,0.42061737179756165,-0.23703451454639435
173,1.402373194694519,0.4217287302017212,-0.23786838352680206
174,1.398954153060913,0.422839879989624,-0.2387036830186844
175,1.3955416679382324,0.4239501357078552,-0.23953992128372192
176,1.3921349048614502,0.42505979537963867,-0.24037732183933258
177,1.3887354135513306,0.42616894841194153,-0.24121592938899994
178,1.385342001914978,0.4272770881652832,-0.24205544590950012
179,1.3819550275802612,0.42838501930236816,-0.24289639294147491
180,1.3785741329193115,0.42949187755584717,-0.24373817443847656
181,1.3752005100250244,0.43059810996055603,-0.24458111822605133
182,1.3718329668045044,0.43170392513275146,-0.24542534351348877
183,1.3684719800949097,0.4328087568283081,-0.24627047777175903
184,1.365116834640503,0.4339129328727722,-0.24711677432060242
185,1.361769199371338,0.4350162744522095,-0.2479640692472458
186,1.3584270477294922,0.4361189901828766,-0.2488125115633011
187,1.3550920486450195,0.43722105026245117,-0.24966216087341309
188,1.3517627716064453,0.4383222162723541,-0.2505127191543579
189,1.348440408706665,0.439422607421875,-0.25136440992355347
190,1.34512460231781,0.44052252173423767,-0.2522174119949341
191,1.3418149948120117,0.4416213929653168,-0.25307124853134155
192,1.3385118246078491,0.44271984696388245,-0.2539263963699341
193,1.3352153301239014,0.44381749629974365,-0.25478267669677734
194,1.3319249153137207,0.44491395354270935,-0.2556397020816803
195,1.3286408185958862,0.44600972533226013,-0.25649788975715637
196,1.3253631591796875,0.4471047520637512,-0.2573571503162384
197,1.3220925331115723,0.4481993615627289,-0.25821781158447266
198,1.3188273906707764,0.4492926597595215,-0.25907912850379944
199,1.315569281578064,0.4503856301307678,-0.2599419355392456
200,1.3123170137405396,0.45147705078125,-0.2608051896095276
201,1.3090718984603882,0.45256826281547546,-0.2616700530052185
202,1.3058323860168457,0.4536582827568054,-0.26253563165664673
203,1.3025999069213867,0.45474788546562195,-0.26340267062187195
204,1.2993732690811157,0.4558362662792206,-0.2642704248428345
205,1.29615318775177,0.4569239318370819,-0.2651393711566925
206,1.2929394245147705,0.4580109715461731,-0.26600950956344604
207,1.2897320985794067,0.45909687876701355,-0.2668805420398712
208,1.2865309715270996,0.46018174290657043,-0.26775240898132324
209,1.2833362817764282,0.46126583218574524,-0.2686254680156708
210,1.2801485061645508,0.46234968304634094,-0.26950007677078247
211,1.2769665718078613,0.46343186497688293,-0.2703751027584076
212,1.273790717124939,0.46451327204704285,-0.2712513208389282
213,1.2706215381622314,0.46559417247772217,-0.2721288204193115
214,1.2674586772918701,0.46667397022247314,-0.27300721406936646
215,1.2643018960952759,0.46775248646736145,-0.2738863229751587
216,1.2611515522003174,0.4688304364681244,-0.27476683259010315
217,1.2580071687698364,0.4699074923992157,-0.2756483554840088
218,1.2548696994781494,0.4709835946559906,-0.2765308916568756
219,1.2517383098602295,0.4720587432384491,-0.2774144113063812
220,1.2486132383346558,0.47313302755355835,-0.2782990336418152
221,1.2454941272735596,0.4742063283920288,-0.27918463945388794
222,1.2423819303512573,0.4752786159515381,-0.2800712287425995
223,1.2392754554748535,0.47634974122047424,-0.2809586524963379
224,1.2361751794815063,0.4774199426174164,-0.28184717893600464
225,1.233081579208374,0.47848984599113464,-0.28273725509643555
226,1.2299938201904297,0.4795580506324768,-0.2836277186870575
227,1.2269128561019897,0.48062556982040405,-0.2845194339752197
228,1.223837971687317,0.4816919267177582,-0.2854120433330536
229,1.220768928527832,0.48275741934776306,-0.2863057553768158
230,1.2177064418792725,0.4838220179080963,-0.2872005105018616
231,1.2146501541137695,0.4848855137825012,-0.28809624910354614
232,1.2116000652313232,0.4859480559825897,-0.2889930307865143
233,1.2085565328598022,0.48700958490371704,-0.28989073634147644
234,1.2055187225341797,0.488070011138916,-0.2907894253730774
235,1.2024872303009033,0.48912960290908813,-0.29168927669525146
236,1.1994624137878418,0.49018800258636475,-0.2925899624824524
237,1.1964432001113892,0.49124544858932495,-0.2934916913509369
238,1.1934304237365723,0.492301881313324,-0.29439443349838257
239,1.1904237270355225,0.49335718154907227,-0.29529809951782227
240,1.1874234676361084,0.4944115877151489,-0.2962028980255127
241,1.1844290494918823,0.495464950799942,-0.29710862040519714
242,1.1814409494400024,0.49651697278022766,-0.29801514744758606
243,1.1784588098526,0.4975682199001312,-0.29892292618751526
244,1.175483226776123,0.49861809611320496,-0.299831360578537
245,1.172513484954834,0.49966731667518616,-0.3007411062717438
246,1.1695500612258911,0.5007153153419495,-0.3016517460346222
247,1.1665927171707153,0.5017622709274292,-0.3025633990764618
248,1.1636414527893066,0.5028078556060791,-0.3034757375717163
249,1.1606961488723755,0.5038528442382812,-0.30438950657844543
250,1.1577571630477905,0.5048965811729431,-0.30530408024787903
251,1.1548248529434204,0.5059388875961304,-0.30621933937072754
252,1.151897668838501,0.5069803595542908,-0.30713579058647156
253,1.1489768028259277,0.5080207586288452,-0.30805322527885437
254,1.1460623741149902,0.5090601444244385,-0.30897170305252075
255,1.1431535482406616,0.5100981593132019,-0.3098909258842468
256,1.1402511596679688,0.5111351013183594,-0.3108111321926117
257,1.1373547315597534,0.5121709108352661,-0.31173229217529297
258,1.1344648599624634,0.5132057070732117,-0.3126545250415802
259,1.1315803527832031,0.5142393112182617,-0.3135776221752167
260,1.1287018060684204,0.515271782875061,-0.31450170278549194
261,1.125830054283142,0.5163031816482544,-0.315426766872406
262,1.1229636669158936,0.517333447933197,-0.3163527846336365
263,1.1201035976409912,0.5183625221252441,-0.31727972626686096
264,1.1172493696212769,0.5193902850151062,-0.31820744276046753
265,1.1144014596939087,0.5204174518585205,-0.3191366195678711
266,1.1115593910217285,0.5214433073997498,-0.3200666010379791
267,1.1087230443954468,0.5224673748016357,-0.3209969401359558
268,1.1058931350708008,0.5234905481338501,-0.321928471326828
269,1.1030689477920532,0.5245131254196167,-0.3228614628314972
270,1.1002509593963623,0.5255338549613953,-0.32379478216171265
271,1.0974385738372803,0.5265538692474365,-0.32472944259643555
272,1.0946325063705444,0.5275722146034241,-0.32566457986831665
273,1.0918322801589966,0.5285896062850952,-0.3266008496284485
274,1.0890378952026367,0.5296061635017395,-0.3275383710861206
275,1.086249589920044,0.5306209921836853,-0.32847633957862854
276,1.0834673643112183,0.5316352248191833,-0.32941576838493347
277,1.080690622329712,0.5326476097106934,-0.33035552501678467
278,1.0779201984405518,0.5336592197418213,-0.3312965929508209
279,1.07515549659729,0.5346694588661194,-0.33223843574523926
280,1.0723966360092163,0.5356786847114563,-0.33318138122558594
281,1.0696439743041992,0.5366866588592529,-0.33412519097328186
282,1.066896915435791,0.5376932621002197,-0.33506977558135986
283,1.0641558170318604,0.5386983752250671,-0.3360150158405304
284,1.0614205598831177,0.539702832698822,-0.33696168661117554
285,1.0586915016174316,0.5407059192657471,-0.33790916204452515
286,1.0559676885604858,0.5417075157165527,-0.3388572633266449
287,1.0532499551773071,0.5427080988883972,-0.3398064970970154
288,1.050538420677185,0.5437074303627014,-0.3407565951347351
289,1.0478323698043823,0.5447057485580444,-0.34170782566070557
290,1.0451323986053467,0.5457024574279785,-0.3426596224308014
291,1.0424381494522095,0.5466982126235962,-0.34361258149147034
292,1.0397495031356812,0.5476926565170288,-0.34456637501716614
293,1.0370668172836304,0.5486854910850525,-0.3455207049846649
294,1.0343899726867676,0.5496776103973389,-0.3464764654636383
295,1.0317188501358032,0.5506683588027954,-0.3474330008029938
296,1.0290535688400269,0.5516575574874878,-0.348390132188797
297,1.0263938903808594,0.5526456832885742,-0.34934836626052856
298,1.0237400531768799,0.5536324977874756,-0.350307434797287
299,1.0210920572280884,0.5546180605888367,-0.35126739740371704
300,1.0184496641159058,0.5556022524833679,-0.35222816467285156
301,1.0158133506774902,0.5565859079360962,-0.35319051146507263
302,1.0131824016571045,0.5575671792030334,-0.354152649641037
303,1.0105575323104858,0.5585480332374573,-0.3551165461540222
304,1.0079379081726074,0.5595270395278931,-0.3560807406902313
305,1.0053242444992065,0.5605050325393677,-0.35704609751701355
306,1.0027164220809937,0.561481773853302,-0.3580123484134674
307,1.0001139640808105,0.5624570846557617,-0.35897934436798096
308,0.9975173473358154,0.5634310841560364,-0.35994720458984375
309,0.9949266910552979,0.5644041895866394,-0.3609163165092468
310,0.9923414587974548,0.5653756260871887,-0.3618859350681305
311,0.9897618293762207,0.5663458704948425,-0.36285650730133057
312,0.987187922000885,0.5673145651817322,-0.36382773518562317
313,0.9846192598342896,0.5682822465896606,-0.3648000955581665
314,0.9820569157600403,0.5692489147186279,-0.36577361822128296
315,0.9794997572898865,0.5702136754989624,-0.3667474091053009
316,0.9769484400749207,0.5711775422096252,-0.3677224814891815
317,0.9744025468826294,0.5721400380134583,-0.3686983585357666
318,0.9718623161315918,0.5731010437011719,-0.3696749210357666
319,0.9693276882171631,0.5740606188774109,-0.3706521987915039
320,0.9667987823486328,0.5750192403793335,-0.3716307282447815
321,0.964275062084198,0.5759762525558472,-0.37260982394218445
322,0.9617573022842407,0.5769321918487549,-0.37359002232551575
323,0.9592448472976685,0.5778867602348328,-0.3745710253715515
324,0.9567381739616394,0.5788401365280151,-0.3755530118942261
325,0.9542370438575745,0.5797918438911438,-0.3765355348587036
326,0.9517410397529602,0.5807425379753113,-0.3775191903114319
327,0.9492507576942444,0.581691563129425,-0.37850338220596313
328,0.9467663168907166,0.5826396346092224,-0.3794887959957123
329,0.9442870020866394,0.5835862755775452,-0.3804749548435211
330,0.9418135285377502,0.5845313668251038,-0.3814617693424225
331,0.9393451809883118,0.5854752659797668,-0.38244953751564026
332,0.9368823766708374,0.5864181518554688,-0.3834385275840759
333,0.9344253540039062,0.5873591303825378,-0.3844277560710907
334,0.9319735169410706,0.5882991552352905,-0.38541823625564575
335,0.9295273423194885,0.5892377495765686,-0.3864094614982605
336,0.9270860552787781,0.5901746153831482,-0.38740113377571106
337,0.9246508479118347,0.5911107659339905,-0.3883943259716034
338,0.9222206473350525,0.5920451283454895,-0.3893878757953644
339,0.9197962284088135,0.5929783582687378,-0.3903824985027313
340,0.9173768162727356,0.5939100980758667,-0.3913778066635132
341,0.9149631857872009,0.5948407649993896,-0.3923742473125458
342,0.9125546216964722,0.5957698225975037,-0.39337125420570374
343,0.9101519584655762,0.5966975688934326,-0.3943691551685333
344,0.9077540636062622,0.5976238250732422,-0.39536774158477783
345,0.9053617715835571,0.5985488891601562,-0.3963673412799835
346,0.9029749035835266,0.5994728207588196,-0.39736801385879517
347,0.9005932807922363,0.6003950238227844,-0.39836910367012024
348,0.8982171416282654,0.6013159155845642,-0.39937108755111694
349,0.8958461284637451,0.6022356152534485,-0.4003741145133972
350,0.8934805989265442,0.6031537652015686,-0.40137773752212524
351,0.8911203742027283,0.6040706634521484,-0.4023823142051697
352,0.8887653946876526,0.6049862504005432,-0.40338778495788574
353,0.8864155411720276,0.6059003472328186,-0.4043939411640167
354,0.8840710520744324,0.6068131327629089,-0.40540099143981934
355,0.8817321062088013,0.6077247262001038,-0.40640905499458313
356,0.8793982863426208,0.6086345911026001,-0.40741756558418274
357,0.8770695328712463,0.6095432639122009,-0.40842708945274353
358,0.8747461438179016,0.6104503870010376,-0.4094372093677521
359,0.8724281787872314,0.6113563179969788,-0.4104484021663666
360,0.8701150417327881,0.6122609376907349,-0.41146042943000793
361,0.8678075671195984,0.6131640076637268,-0.4124731123447418
362,0.8655049800872803,0.6140658259391785,-0.4134867489337921
363,0.8632076978683472,0.6149666905403137,-0.41450169682502747
364,0.8609158992767334,0.6158655881881714,-0.41551679372787476
365,0.8586288094520569,0.6167634129524231,-0.4165330231189728
366,0.8563470840454102,0.6176592111587524,-0.41754937171936035
367,0.8540704846382141,0.6185542941093445,-0.4185672700405121
368,0.8517993688583374,0.6194478869438171,-0.41958585381507874
369,0.849532961845398,0.6203398108482361,-0.420604944229126
370,0.8472719192504883,0.6212307810783386,-0.4216253161430359
371,0.8450161814689636,0.6221202611923218,-0.4226464033126831
372,0.8427650332450867,0.6230080723762512,-0.42366793751716614
373,0.8405196666717529,0.6238948702812195,-0.42469075322151184
374,0.8382787108421326,0.624779999256134,-0.42571401596069336
375,0.8360434174537659,0.6256636381149292,-0.4267379939556122
376,0.8338127732276917,0.6265462040901184,-0.4277631342411041
377,0.8315876722335815,0.6274274587631226,-0.4287891685962677
378,0.8293672800064087,0.6283071041107178,-0.42981573939323425
379,0.8271519541740417,0.6291849613189697,-0.43084266781806946
380,0.8249417543411255,0.6300620436668396,-0.43187111616134644
381,0.822736918926239,0.6309378743171692,-0.4329005181789398
382,0.8205365538597107,0.6318117380142212,-0.43393006920814514
383,0.8183415532112122,0.6326847076416016,-0.4349609911441803
384,0.81615149974823,0.6335555911064148,-0.43599191308021545
385,0.8139662146568298,0.6344257593154907,-0.43702441453933716
386,0.811785876750946,0.6352938413619995,-0.43805691599845886
387,0.8096109628677368,0.6361615061759949,-0.43909135460853577
388,0.8074408173561096,0.637026846408844,-0.4401254951953888
389,0.8052756786346436,0.6378914713859558,-0.44116124510765076
390,0.8031156659126282,0.6387545466423035,-0.44219762086868286
391,0.8009603023529053,0.6396157741546631,-0.44323423504829407
392,0.7988098859786987,0.6404761075973511,-0.4442722499370575
393,0.7966644167900085,0.641334593296051,-0.4453105032444
394,0.7945240139961243,0.642192006111145,-0.44634994864463806
395,0.7923885583877563,0.6430481672286987,-0.4473903775215149
396,0.7902575135231018,0.6439026594161987,-0.4484312832355499
397,0.7881318926811218,0.644756019115448,-0.4494732618331909
398,0.7860110998153687,0.6456075310707092,-0.4505155086517334
399,0.7838951349258423,0.6464583277702332,-0.4515593945980072
400,0.7817838788032532,0.6473070383071899,-0.45260322093963623
401,0.77967768907547,0.6481546759605408,-0.4536482095718384
402,0.7775760889053345,0.6490009427070618,-0.45469406247138977
403,0.7754797339439392,0.6498457789421082,-0.45574063062667847
404,0.7733876705169678,0.650688886642456,-0.4567875862121582
405,0.7713008522987366,0.6515309810638428,-0.4578358232975006
406,0.7692184448242188,0.6523717641830444,-0.45888495445251465
407,0.7671412229537964,0.6532108187675476,-0.4599344730377197
408,0.765068531036377,0.6540486812591553,-0.460985004901886
409,0.7630006670951843,0.6548848152160645,-0.4620359241962433
410,0.7609379291534424,0.6557201743125916,-0.46308842301368713
411,0.7588794827461243,0.6565538048744202,-0.46414127945899963
412,0.7568260431289673,0.6573861241340637,-0.46519505977630615
413,0.7547773718833923,0.6582169532775879,-0.4662494957447052
414,0.7527332305908203,0.6590464115142822,-0.4673047363758087
415,0.7506937980651855,0.6598742604255676,-0.4683605134487152
416,0.7486591935157776,0.6607012152671814,-0.4694176912307739
417,0.7466294169425964,0.6615262627601624,-0.4704750180244446
418,0.7446041703224182,0.6623499393463135,-0.4715331792831421
419,0.7425838112831116,0.6631726622581482,-0.47259268164634705
420,0.7405677437782288,0.6639932990074158,-0.47365206480026245
421,0.7385568618774414,0.664813220500946,-0.47471311688423157
422,0.7365502119064331,0.6656314134597778,-0.47577452659606934
423,0.7345485091209412,0.6664481163024902,-0.47683659195899963
424,0.7325513362884521,0.6672638058662415,-0.477899968624115
425,0.7305586934089661,0.668077826499939,-0.4789637327194214
426,0.7285706400871277,0.6688904166221619,-0.4800282418727875
427,0.7265874147415161,0.6697017550468445,-0.48109373450279236
428,0.7246087193489075,0.6705116629600525,-0.48215994238853455
429,0.7226347327232361,0.6713200807571411,-0.48322683572769165
430,0.7206650376319885,0.6721270680427551,-0.48429444432258606
431,0.7187001705169678,0.6729329228401184,-0.4853631556034088
432,0.7167399525642395,0.6737375259399414,-0.48643288016319275
433,0.7147839665412903,0.6745398044586182,-0.4875021278858185
434,0.7128328680992126,0.6753419041633606,-0.48857375979423523
435,0.7108860015869141,0.6761418581008911,-0.48964518308639526
436,0.7089439630508423,0.6769407391548157,-0.4907177984714508
437,0.7070061564445496,0.6777378916740417,-0.4917907416820526
438,0.7050730586051941,0.6785339713096619,-0.4928649067878723
439,0.7031444907188416,0.6793283224105835,-0.4939393997192383
440,0.7012204527854919,0.6801215410232544,-0.4950149953365326
441,0.6993007063865662,0.6809132695198059,-0.49609124660491943
442,0.6973856091499329,0.6817038059234619,-0.49716854095458984
443,0.6954747438430786,0.6824926733970642,-0.4982462525367737
444,0.6935685276985168,0.6832802891731262,-0.4993249177932739
445,0.6916669607162476,0.684066891670227,-0.5004048347473145
446,0.6897695660591125,0.6848514080047607,-0.5014846324920654
447,0.6878767609596252,0.685634970664978,-0.5025658011436462
448,0.685988187789917,0.6864173412322998,-0.5036479830741882
449,0.6841040253639221,0.6871979236602783,-0.5047303438186646
450,0.6822245717048645,0.6879773139953613,-0.5058138370513916
451,0.6803491711616516,0.6887549161911011,-0.506897509098053
452,0.6784783005714417,0.6895315051078796,-0.5079824924468994
453,0.6766118407249451,0.6903066039085388,-0.5090680718421936
454,0.6747498512268066,0.6910805106163025,-0.510154664516449
455,0.6728920340538025,0.6918531656265259,-0.5112422704696655
456,0.6710386872291565,0.6926240921020508,-0.512330174446106
457,0.6691895723342896,0.693393886089325,-0.5134192109107971
458,0.6673449277877808,0.6941618919372559,-0.5145084261894226
459,0.6655043959617615,0.694928765296936,-0.515598714351654
460,0.6636683940887451,0.695694088935852,-0.5166895985603333
461,0.6618367433547974,0.6964582204818726,-0.5177814960479736
462,0.6600092053413391,0.6972211003303528,-0.5188744068145752
463,0.6581860780715942,0.6979823708534241,-0.5199677348136902
464,0.6563671827316284,0.6987423896789551,-0.5210619568824768
465,0.654552698135376,0.6995009779930115,-0.5221569538116455
466,0.6527423858642578,0.7002584338188171,-0.5232530236244202
467,0.6509362459182739,0.7010142803192139,-0.524349570274353
468,0.6491344571113586,0.7017687559127808,-0.5254468321800232
469,0.6473367810249329,0.7025217413902283,-0.5265447497367859
470,0.6455434560775757,0.7032735347747803,-0.5276437401771545
471,0.6437541842460632,0.7040237784385681,-0.5287432074546814
472,0.6419694423675537,0.70477294921875,-0.5298438668251038
473,0.6401886940002441,0.7055206298828125,-0.5309451222419739
474,0.6384121179580688,0.7062669396400452,-0.5320471525192261
475,0.6366398930549622,0.7070120573043823,-0.5331502556800842
476,0.6348715424537659,0.707755446434021,-0.5342535972595215
477,0.6331076622009277,0.7084975242614746,-0.5353577733039856
478,0.6313478946685791,0.709238588809967,-0.5364632606506348
479,0.6295921206474304,0.7099777460098267,-0.5375686883926392
480,0.6278406381607056,0.7107159495353699,-0.5386754870414734
481,0.626093327999115,0.7114530801773071,-0.5397835373878479
482,0.6243498921394348,0.7121880650520325,-0.5408912301063538
483,0.6226108074188232,0.7129223346710205,-0.5420005917549133
484,0.6208757162094116,0.7136549353599548,-0.5431103110313416
485,0.6191447973251343,0.7143863439559937,-0.544221043586731
486,0.6174179911613464,0.7151160836219788,-0.5453320741653442
487,0.6156954169273376,0.7158449292182922,-0.5464445948600769
488,0.6139765381813049,0.7165722250938416,-0.5475575923919678
489,0.6122620105743408,0.7172980308532715,-0.5486711859703064
490,0.6105512380599976,0.718022346496582,-0.549785315990448
491,0.6088448762893677,0.718745768070221,-0.550900936126709
492,0.6071423292160034,0.7194678783416748,-0.5520173907279968
493,0.6054437756538391,0.7201882004737854,-0.5531339645385742
494,0.6037495136260986,0.7209072113037109,-0.5542513728141785
495,0.6020591259002686,0.7216251492500305,-0.5553699731826782
496,0.6003726720809937,0.7223415970802307,-0.5564891695976257
497,0.5986901521682739,0.7230565547943115,-0.5576089024543762
498,0.5970118641853333,0.7237704396247864,-0.5587298274040222
499,0.5953373312950134,0.7244827747344971,-0.5598512291908264
500,0.5936667919158936,0.7251937985420227,-0.5609734654426575
501,0.5920006036758423,0.7259035706520081,-0.5620965957641602
502,0.5903379917144775,0.7266122102737427,-0.5632208585739136
503,0.588679313659668,0.7273191213607788,-0.5643453001976013
504,0.5870247483253479,0.7280251383781433,-0.5654712319374084
505,0.5853739976882935,0.7287291884422302,-0.5665969252586365
506,0.5837271213531494,0.7294323444366455,-0.5677241086959839
507,0.5820843577384949,0.7301343083381653,-0.5688523054122925
508,0.5804452896118164,0.730834424495697,-0.5699805021286011
509,0.5788102149963379,0.7315335273742676,-0.57110995054245
510,0.5771790742874146,0.7322313189506531,-0.5722402334213257
511,0.5755517482757568,0.7329275608062744,-0.5733709335327148
512,0.5739283561706543,0.7336227297782898,-0.5745028257369995
513,0.5723087787628174,0.7343164682388306,-0.5756353735923767
514,0.5706931948661804,0.7350091338157654,-0.5767691135406494
515,0.5690812468528748,0.7357003092765808,-0.5779033303260803
516,0.5674732327461243,0.736389696598053,-0.579037606716156
517,0.5658690333366394,0.7370784282684326,-0.5801737904548645
518,0.5642687082290649,0.7377655506134033,-0.5813102722167969
519,0.5626721978187561,0.7384515404701233,-0.5824478268623352
520,0.5610795021057129,0.7391358613967896,-0.5835856199264526
521,0.5594906806945801,0.7398192286491394,-0.5847247838973999
522,0.5579054355621338,0.740500807762146,-0.5858640074729919
523,0.5563240647315979,0.7411816120147705,-0.5870048999786377
524,0.5547465085983276,0.7418606877326965,-0.5881458520889282
525,0.5531726479530334,0.7425380945205688,-0.5892870426177979
526,0.5516026616096497,0.7432152032852173,-0.5904306769371033
527,0.5500364899635315,0.7438905239105225,-0.5915743708610535
528,0.5484737753868103,0.7445642352104187,-0.5927183032035828
529,0.5469150543212891,0.7452373504638672,-0.5938642621040344
530,0.5453599691390991,0.7459083795547485,-0.5950096845626831
531,0.5438085794448853,0.7465786337852478,-0.5961567759513855
532,0.5422609448432922,0.7472471594810486,-0.5973039269447327
533,0.5407170057296753,0.7479146718978882,-0.5984524488449097
534,0.539176881313324,0.7485811114311218,-0.5996021032333374
535,0.5376402139663696,0.7492455840110779,-0.6007513999938965
536,0.5361073017120361,0.7499093413352966,-0.6019025444984436
537,0.534578263759613,0.750571608543396,-0.6030541062355042
538,0.5330527424812317,0.7512325048446655,-0.604206383228302
539,0.5315309166908264,0.7518926858901978,-0.6053604483604431
540,0.5300127267837524,0.7525506615638733,-0.6065136790275574
541,0.5284981727600098,0.7532076835632324,-0.6076683402061462
542,0.5269871354103088,0.7538635730743408,-0.6088241338729858
543,0.5254798531532288,0.7545179724693298,-0.6099802851676941
544,0.5239762663841248,0.7551717162132263,-0.6111384034156799
545,0.5224761962890625,0.7558234333992004,-0.6122960448265076
546,0.520979642868042,0.7564737200737,-0.6134541630744934
547,0.5194867849349976,0.7571232318878174,-0.6146140098571777
548,0.5179975032806396,0.7577713131904602,-0.6157744526863098
549,0.5165116786956787,0.7584177851676941,-0.6169350147247314
550,0.5150295495986938,0.7590634226799011,-0.6180972456932068
551,0.5135509967803955,0.7597076892852783,-0.6192601323127747
552,0.5120760202407837,0.7603508234024048,-0.6204240322113037
553,0.5106046199798584,0.7609925866127014,-0.6215886473655701
554,0.5091369152069092,0.7616329193115234,-0.6227537393569946
555,0.5076723694801331,0.7622717022895813,-0.6239191293716431
556,0.506211519241333,0.7629097700119019,-0.6250863671302795
557,0.5047541856765747,0.7635461688041687,-0.6262536644935608
558,0.5033005475997925,0.7641819715499878,-0.6274229884147644
559,0.5018501877784729,0.7648155689239502,-0.6285914182662964
560,0.5004033446311951,0.7654486298561096,-0.6297620534896851
561,0.49896007776260376,0.7660799622535706,-0.6309325695037842
562,0.4975202679634094,0.766710102558136,-0.6321040391921997
563,0.4960838854312897,0.7673389911651611,-0.6332764029502869
564,0.49465101957321167,0.7679669260978699,-0.6344500780105591
565,0.4932217001914978,0.7685935497283936,-0.6356245279312134
566,0.4917956292629242,0.7692185640335083,-0.636799156665802
567,0.4903732240200043,0.7698425650596619,-0.6379749774932861
568,0.4889541268348694,0.7704650163650513,-0.6391510963439941
569,0.48753848671913147,0.7710864543914795,-0.6403285264968872
570,0.4861263334751129,0.7717064023017883,-0.6415062546730042
571,0.484717458486557,0.772325336933136,-0.6426852941513062
572,0.48331218957901,0.7729432582855225,-0.6438655853271484
573,0.4819101393222809,0.7735597491264343,-0.6450463533401489
574,0.4805116057395935,0.7741748690605164,-0.6462277173995972
575,0.47911641001701355,0.7747883796691895,-0.647409200668335
576,0.4777245819568634,0.77540123462677,-0.6485926508903503
577,0.476336270570755,0.7760127782821655,-0.6497767567634583
578,0.47495126724243164,0.7766232490539551,-0.6509620547294617
579,0.4735696017742157,0.7772320508956909,-0.6521472930908203
580,0.47219118475914,0.777839720249176,-0.6533336043357849
581,0.47081631422042847,0.7784462571144104,-0.6545209288597107
582,0.46944460272789,0.7790513634681702,-0.6557086706161499
583,0.46807628870010376,0.7796553373336792,-0.6568974852561951
584,0.4667113423347473,0.7802581787109375,-0.6580872535705566
585,0.4653497040271759,0.7808595299720764,-0.6592774391174316
586,0.4639914035797119,0.7814599275588989,-0.6604689359664917
587,0.462636262178421,0.7820591330528259,-0.6616613268852234
588,0.46128445863723755,0.7826566696166992,-0.6628536581993103
589,0.45993608236312866,0.7832534909248352,-0.66404789686203
590,0.4585908353328705,0.7838484048843384,-0.665241539478302
591,0.4572489857673645,0.7844424843788147,-0.6664368510246277
592,0.455910325050354,0.7850353717803955,-0.6676329970359802
593,0.45457497239112854,0.7856273651123047,-0.6688306331634521
594,0.4532429575920105,0.7862176299095154,-0.6700280904769897
595,0.4519140124320984,0.7868068814277649,-0.6712267994880676
596,0.45058855414390564,0.7873951196670532,-0.6724267601966858
597,0.4492662250995636,0.7879819273948669,-0.6736271381378174
598,0.44794711470603943,0.7885676026344299,-0.6748284697532654
599,0.4466310739517212,0.789151668548584,-0.6760298609733582
600,0.44531846046447754,0.789734959602356,-0.6772329211235046
601,0.4440089762210846,0.7903170585632324,-0.6784368753433228
602,0.4427027702331543,0.7908978462219238,-0.6796414852142334
603,0.44139954447746277,0.7914769649505615,-0.6808459758758545
604,0.4400997757911682,0.7920554280281067,-0.6820524334907532
605,0.4388029873371124,0.7926326394081116,-0.6832596063613892
606,0.4375095069408417,0.7932087779045105,-0.6844679117202759
607,0.43621912598609924,0.7937830090522766,-0.6856755614280701
608,0.43493199348449707,0.7943567633628845,-0.6868855953216553
609,0.43364793062210083,0.794929027557373,-0.6880958080291748
610,0.43236711621284485,0.7955001592636108,-0.6893070340156555
611,0.43108928203582764,0.7960699796676636,-0.690518856048584
612,0.4298146665096283,0.796638548374176,-0.6917313933372498
613,0.42854323983192444,0.7972064018249512,-0.6929457783699036
614,0.4272747337818146,0.7977724671363831,-0.694159746170044
615,0.4260095953941345,0.7983376383781433,-0.6953751444816589
616,0.424747496843338,0.7989016175270081,-0.6965914368629456
617,0.4234884977340698,0.7994645237922668,-0.6978088021278381
618,0.4222326874732971,0.8000262379646301,-0.6990270018577576
619,0.4209798276424408,0.8005866408348083,-0.70024573802948
620,0.4197300672531128,0.8011457324028015,-0.7014650702476501
621,0.4184834659099579,0.8017035722732544,-0.7026851177215576
622,0.41723987460136414,0.8022605180740356,-0.7039065957069397
623,0.41599929332733154,0.802815854549408,-0.705128014087677
624,0.41476187109947205,0.8033709526062012,-0.7063523530960083
625,0.41352757811546326,0.8039239645004272,-0.7075755000114441
626,0.4122961163520813,0.8044762015342712,-0.7088003754615784
627,0.4110679030418396,0.8050270676612854,-0.7100256681442261
628,0.40984249114990234,0.805576741695404,-0.7112517952919006
629,0.40862026810646057,0.8061254024505615,-0.7124791145324707
630,0.40740102529525757,0.8066728115081787,-0.7137070894241333
631,0.4061848223209381,0.8072192072868347,-0.7149362564086914
632,0.40497156977653503,0.8077638745307922,-0.7161650061607361
633,0.40376147627830505,0.8083081245422363,-0.7173963189125061
634,0.4025542736053467,0.8088507652282715,-0.7186274528503418
635,0.40135008096694946,0.809392511844635,-0.7198600172996521
636,0.40014883875846863,0.8099330067634583,-0.7210932970046997
637,0.39895057678222656,0.8104720711708069,-0.7223267555236816
638,0.39775532484054565,0.8110104203224182,-0.7235621213912964
639,0.3965630829334259,0.8115473389625549,-0.7247977256774902
640,0.39537373185157776,0.8120828866958618,-0.7260336875915527
641,0.3941873013973236,0.812617838382721,-0.7272717356681824
642,0.3930038511753082,0.8131510615348816,-0.7285093665122986
643,0.3918233811855316,0.8136833906173706,-0.7297484278678894
644,0.3906458616256714,0.8142148852348328,-0.7309890985488892
645,0.38947123289108276,0.8147447109222412,-0.7322294116020203
646,0.38829949498176575,0.8152734637260437,-0.7334707379341125
647,0.3871307671070099,0.8158018589019775,-0.7347147464752197
648,0.3859647810459137,0.8163279891014099,-0.7359570264816284
649,0.3848019540309906,0.8168537020683289,-0.7372018694877625
650,0.3836418390274048,0.8173778653144836,-0.7384465932846069
651,0.3824845850467682,0.8179008364677429,-0.7396920323371887
652,0.3813304007053375,0.8184228539466858,-0.7409388422966003
653,0.3801789879798889,0.8189437389373779,-0.742186427116394
654,0.3790304958820343,0.8194637894630432,-0.7434356808662415
655,0.3778848350048065,0.8199825882911682,-0.7446854710578918
656,0.37674200534820557,0.8204999566078186,-0.7459354400634766
657,0.3756020963191986,0.8210158944129944,-0.7471855282783508
658,0.3744649887084961,0.8215314149856567,-0.7484382390975952
659,0.3733307719230652,0.8220454454421997,-0.7496908903121948
660,0.37219929695129395,0.8225582838058472,-0.7509442567825317
661,0.3710707426071167,0.823070228099823,-0.7521990537643433
662,0.36994510889053345,0.8235809803009033,-0.7534545660018921
663,0.3688221871852875,0.8240904808044434,-0.7547106742858887
664,0.3677021861076355,0.8245992660522461,-0.7559685707092285
665,0.3665848970413208,0.8251064419746399,-0.7572261691093445
666,0.36547040939331055,0.8256127238273621,-0.7584851980209351
667,0.3643587529659271,0.8261174559593201,-0.7597439885139465
668,0.36324992775917053,0.8266217708587646,-0.7610054612159729
669,0.3621438145637512,0.8271248936653137,-0.762267529964447
670,0.36104047298431396,0.8276264071464539,-0.7635292410850525
671,0.3599400222301483,0.8281272649765015,-0.7647930383682251
672,0.35884231328964233,0.8286266922950745,-0.7660568356513977
673,0.35774728655815125,0.8291250467300415,-0.7673215866088867
674,0.3566550612449646,0.8296222686767578,-0.7685871720314026
675,0.35556572675704956,0.8301187753677368,-0.7698546051979065
676,0.354479044675827,0.830613911151886,-0.7711222767829895
677,0.35339510440826416,0.8311077952384949,-0.7723903656005859
678,0.35231393575668335,0.8316008448600769,-0.7736600637435913
679,0.35123541951179504,0.8320929408073425,-0.7749310731887817
680,0.35015955567359924,0.8325830698013306,-0.7762006521224976
681,0.34908661246299744,0.8330729603767395,-0.7774733304977417
682,0.3480163514614105,0.8335614800453186,-0.7787461280822754
683,0.34694865345954895,0.8340486884117126,-0.7800192832946777
684,0.3458837866783142,0.8345350623130798,-0.781294047832489
685,0.34482160210609436,0.8350205421447754,-0.7825701236724854
686,0.3437620997428894,0.8355047106742859,-0.7838465571403503
687,0.34270521998405457,0.8359872698783875,-0.7851224541664124
688,0.34165114164352417,0.8364696502685547,-0.786401629447937
689,0.3405997157096863,0.8369501829147339,-0.7876796722412109
690,0.3395509123802185,0.8374302387237549,-0.7889602184295654
691,0.338504821062088,0.8379087448120117,-0.7902404069900513
692,0.3374614417552948,0.8383865356445312,-0.7915224432945251
693,0.3364207148551941,0.8388634324073792,-0.7928059101104736
694,0.3353825807571411,0.8393387198448181,-0.7940887808799744
695,0.33434706926345825,0.8398131132125854,-0.7953730225563049
696,0.3333141803741455,0.8402865529060364,-0.7966585159301758
697,0.33228400349617004,0.8407589197158813,-0.7979449033737183
698,0.3312564492225647,0.8412297368049622,-0.7992308139801025
699,0.3302314579486847,0.8416997790336609,-0.8005184531211853
700,0.3292090594768524,0.842168927192688,-0.8018074631690979
701,0.3281894028186798,0.8426370620727539,-0.8030975461006165
702,0.3271723687648773,0.8431039452552795,-0.8043879866600037
703,0.3261578679084778,0.8435699939727783,-0.8056799173355103
704,0.325145959854126,0.8440344929695129,-0.8069714307785034
705,0.32413655519485474,0.8444979786872864,-0.8082639575004578
706,0.32312989234924316,0.8449608683586121,-0.8095586895942688
707,0.32212579250335693,0.8454225659370422,-0.810853898525238
708,0.3211241364479065,0.8458830118179321,-0.8121494650840759
709,0.32012519240379333,0.8463424444198608,-0.8134461045265198
710,0.31912875175476074,0.8468008041381836,-0.8147435188293457
711,0.31813493371009827,0.8472580909729004,-0.8160417675971985
712,0.31714367866516113,0.8477145433425903,-0.8173415660858154
713,0.3161548972129822,0.8481696248054504,-0.8186413049697876
714,0.31516867876052856,0.8486238121986389,-0.8199424147605896
715,0.31418508291244507,0.849077045917511,-0.8212447166442871
716,0.3132038712501526,0.8495289087295532,-0.8225469589233398
717,0.3122253119945526,0.8499798774719238,-0.8238505125045776
718,0.31124916672706604,0.8504302501678467,-0.8251562118530273
719,0.31027573347091675,0.8508792519569397,-0.826461911201477
720,0.3093046247959137,0.8513268828392029,-0.827767550945282
721,0.30833616852760315,0.8517736196517944,-0.829074501991272
722,0.3073700964450836,0.8522194623947144,-0.830382764339447
723,0.3064066469669342,0.8526644706726074,-0.8316925168037415
724,0.3054455816745758,0.8531082272529602,-0.833002507686615
725,0.3044871389865875,0.8535507917404175,-0.8343129754066467
726,0.30353111028671265,0.8539926409721375,-0.8356252312660217
727,0.30257758498191833,0.8544334173202515,-0.8369383215904236
728,0.3016264736652374,0.8548730611801147,-0.8382519483566284
729,0.3006778955459595,0.8553115725517273,-0.8395662307739258
730,0.29973167181015015,0.8557487726211548,-0.8408804535865784
731,0.2987881004810333,0.8561857342720032,-0.8421980142593384
732,0.29784679412841797,0.8566210269927979,-0.8435145616531372
733,0.29690802097320557,0.8570556044578552,-0.8448328971862793
734,0.29597169160842896,0.8574888110160828,-0.8461510539054871
735,0.2950378358364105,0.8579213619232178,-0.8474712371826172
736,0.2941063940525055,0.8583528399467468,-0.8487921357154846
737,0.29317742586135864,0.8587832450866699,-0.8501137495040894
738,0.2922508120536804,0.8592126369476318,-0.8514363169670105
739,0.291326642036438,0.8596410751342773,-0.8527599573135376
740,0.29040488600730896,0.8600684404373169,-0.854084312915802
741,0.28948554396629333,0.8604949712753296,-0.8554101586341858
742,0.2885686457157135,0.8609200119972229,-0.856735348701477
743,0.28765419125556946,0.8613444566726685,-0.858062744140625
744,0.28674203157424927,0.8617678284645081,-0.8593908548355103
745,0.2858322858810425,0.862190306186676,-0.8607202172279358
746,0.28492501378059387,0.8626115322113037,-0.8620496988296509
747,0.2840200662612915,0.8630318641662598,-0.8633804321289062
748,0.2831174433231354,0.8634510636329651,-0.8647117018699646
749,0.28221720457077026,0.8638689517974854,-0.8660427927970886
750,0.2813193202018738,0.8642862439155579,-0.8673761487007141
751,0.2804239094257355,0.8647028207778931,-0.8687112331390381
752,0.279530793428421,0.8651182055473328,-0.8700466752052307
753,0.2786400616168976,0.8655328154563904,-0.8713836669921875
754,0.2777515649795532,0.8659452199935913,-0.8727176785469055
755,0.2768656015396118,0.8663581609725952,-0.8740575313568115
756,0.2759818136692047,0.8667690753936768,-0.8753949403762817
757,0.275100439786911,0.867179811000824,-0.8767359256744385
758,0.27422142028808594,0.8675891160964966,-0.8780763149261475
759,0.2733447253704071,0.8679977655410767,-0.8794187307357788
760,0.27247026562690735,0.8684046864509583,-0.880759596824646
761,0.2715981900691986,0.8688108325004578,-0.8821020126342773
762,0.2707284986972809,0.8692165613174438,-0.8834472298622131
763,0.26986101269721985,0.8696209788322449,-0.8847922682762146
764,0.26899585127830505,0.8700244426727295,-0.8861383199691772
765,0.26813286542892456,0.8704265356063843,-0.8874839544296265
766,0.26727238297462463,0.8708285093307495,-0.8888333439826965
767,0.26641401648521423,0.871228814125061,-0.890181303024292
768,0.26555803418159485,0.8716282248497009,-0.891530454158783
769,0.26470431685447693,0.872026801109314,-0.8928809762001038
770,0.26385292410850525,0.8724246025085449,-0.8942330479621887
771,0.26300379633903503,0.8728213906288147,-0.8955859541893005
772,0.2621568441390991,0.8732166886329651,-0.896937906742096
773,0.26131221652030945,0.8736117482185364,-0.8982933163642883
774,0.2604699432849884,0.8740056753158569,-0.8996490240097046
775,0.2596296966075897,0.8743979930877686,-0.9010034203529358
776,0.25879183411598206,0.8747896552085876,-0.9023597836494446
777,0.25795623660087585,0.875180721282959,-0.9037183523178101
778,0.25712278485298157,0.8755704164505005,-0.9050763249397278
779,0.25629156827926636,0.8759589791297913,-0.9064346551895142
780,0.25546273589134216,0.8763477206230164,-0.9077978730201721
781,0.2546359598636627,0.8767341375350952,-0.9091571569442749
782,0.2538115382194519,0.8771203756332397,-0.9105201363563538
783,0.2529892325401306,0.877505362033844,-0.9118829369544983
784,0.2521691620349884,0.8778896331787109,-0.9132474660873413
785,0.25135132670402527,0.8782728314399719,-0.9146124720573425
786,0.25053566694259644,0.8786550164222717,-0.915978193283081
787,0.24972228705883026,0.8790363669395447,-0.9173451662063599
788,0.248911052942276,0.8794167041778564,-0.918712854385376
789,0.24810193479061127,0.8797960877418518,-0.920081377029419
790,0.24729499220848083,0.8801741600036621,-0.9214495420455933
791,0.24649032950401306,0.8805516362190247,-0.9228197932243347
792,0.24568785727024078,0.8809286952018738,-0.9241929054260254
793,0.24488750100135803,0.8813039064407349,-0.9255635738372803
794,0.24408935010433197,0.8816787004470825,-0.9269370436668396
795,0.2432934045791626,0.8820530772209167,-0.9283133745193481
796,0.2424994558095932,0.8824254870414734,-0.9296867847442627
797,0.24170778691768646,0.8827974200248718,-0.9310628175735474
798,0.24091821908950806,0.8831682801246643,-0.9324392080307007
799,0.24013079702854156,0.8835384845733643,-0.9338175654411316
800,0.23934553563594818,0.8839074969291687,-0.935195803642273
801,0.2385624349117279,0.8842756152153015,-0.9365751147270203
802,0.23778150975704193,0.8846433162689209,-0.937957227230072
803,0.23700259625911713,0.8850093483924866,-0.9393374919891357
804,0.23622584342956543,0.8853749632835388,-0.9407204985618591
805,0.23545122146606445,0.8857392072677612,-0.9421027898788452
806,0.23467881977558136,0.886103093624115,-0.9434880614280701
807,0.2339082956314087,0.8864653706550598,-0.9448716640472412
808,0.23314005136489868,0.8868271708488464,-0.9462578296661377
809,0.23237386345863342,0.887187659740448,-0.9476433992385864
810,0.2316097617149353,0.8875476717948914,-0.9490315318107605
811,0.2308478206396103,0.887906551361084,-0.9504197835922241
812,0.23008787631988525,0.8882647752761841,-0.9518098831176758
813,0.2293301224708557,0.8886221051216125,-0.9532009959220886
814,0.22857430577278137,0.8889780044555664,-0.9545909762382507
815,0.22782064974308014,0.8893333673477173,-0.9559832811355591
816,0.22706906497478485,0.889687716960907,-0.9573761224746704
817,0.2263195961713791,0.8900415301322937,-0.958771288394928
818,0.22557207942008972,0.8903936743736267,-0.9601643681526184
819,0.22482673823833466,0.8907458782196045,-0.9615621566772461
820,0.22408337891101837,0.8910964131355286,-0.9629577994346619
821,0.22334209084510803,0.8914461731910706,-0.9643548727035522
822,0.22260291874408722,0.8917955756187439,-0.9657549858093262
823,0.22186574339866638,0.8921439051628113,-0.9671553373336792
824,0.22113050520420074,0.8924905061721802,-0.9685531854629517
825,0.22039739787578583,0.8928372263908386,-0.9699560403823853
826,0.21966633200645447,0.8931822776794434,-0.9713566899299622
827,0.2189372479915619,0.8935270309448242,-0.9727606177330017
828,0.21821027994155884,0.8938708901405334,-0.9741654992103577
829,0.2174852043390274,0.8942133188247681,-0.9755690097808838
830,0.2167622596025467,0.8945554494857788,-0.9769758582115173
831,0.21604125201702118,0.8948965668678284,-0.9783831238746643
832,0.21532228589057922,0.8952364921569824,-0.9797899723052979
833,0.21460524201393127,0.8955758213996887,-0.9811989068984985
834,0.21389029920101166,0.89591383934021,-0.9826070070266724
835,0.21317730844020844,0.8962514400482178,-0.9840179085731506
836,0.2124662697315216,0.896588146686554,-0.9854297041893005
837,0.21175725758075714,0.8969236612319946,-0.9868410229682922
838,0.21105027198791504,0.8972591757774353,-0.9882569313049316
839,0.21034516394138336,0.8975929021835327,-0.989669919013977
840,0.20964208245277405,0.8979256749153137,-0.9910835027694702
841,0.20894093811511993,0.8982579112052917,-0.9924993515014648
842,0.208241805434227,0.8985893130302429,-0.9939162731170654
843,0.20754460990428925,0.8989197611808777,-0.995333731174469
844,0.20684930682182312,0.8992493748664856,-0.9967522621154785
845,0.20615610480308533,0.8995781540870667,-0.9981718063354492
846,0.20546476542949677,0.8999061584472656,-0.999592661857605
847,0.2047753930091858,0.9002331495285034,-1.0010137557983398
848,0.20408785343170166,0.90055912733078,-1.0024350881576538
849,0.2034023553133011,0.900884747505188,-1.003859519958496
850,0.20271877944469452,0.9012088179588318,-1.0052818059921265
851,0.20203709602355957,0.9015326499938965,-1.006707787513733
852,0.2013573795557022,0.9018553495407104,-1.0081334114074707
853,0.20067958533763885,0.9021771550178528,-1.0095597505569458
854,0.20000362396240234,0.9024983048439026,-1.0109878778457642
855,0.1993296593427658,0.9028181433677673,-1.012414813041687
856,0.1986575871706009,0.9031376838684082,-1.0138452053070068
857,0.19798743724822998,0.9034561514854431,-1.0152753591537476
858,0.1973191499710083,0.9037739038467407,-1.016707181930542
859,0.19665277004241943,0.9040908217430115,-1.0181398391723633
860,0.19598829746246338,0.9044066071510315,-1.019572138786316
861,0.19532570242881775,0.9047214984893799,-1.0210050344467163
862,0.19466497004032135,0.9050357937812805,-1.0224400758743286
863,0.19400613009929657,0.9053493142127991,-1.0238761901855469
864,0.19334915280342102,0.9056613445281982,-1.0253102779388428
865,0.19269408285617828,0.905973494052887,-1.0267497301101685
866,0.19204086065292358,0.9062842726707458,-1.0281875133514404
867,0.1913895308971405,0.9065943360328674,-1.0296268463134766
868,0.19074009358882904,0.9069036841392517,-1.0310674905776978
869,0.19009239971637726,0.9072122573852539,-1.032509446144104
870,0.18944662809371948,0.9075195789337158,-1.0339502096176147
871,0.18880273401737213,0.9078265428543091,-1.0353940725326538
872,0.18816059827804565,0.9081321954727173,-1.0368366241455078
873,0.1875203549861908,0.9084373712539673,-1.038281798362732
874,0.18688197433948517,0.9087416529655457,-1.0397274494171143
875,0.1862453818321228,0.9090450406074524,-1.0411735773086548
876,0.18561063706874847,0.9093478322029114,-1.0426218509674072
877,0.18497775495052338,0.9096495509147644,-1.0440696477890015
878,0.18434663116931915,0.909950852394104,-1.0455204248428345
879,0.18371734023094177,0.9102507829666138,-1.0469692945480347
880,0.18308988213539124,0.9105502367019653,-1.048420786857605
881,0.18246415257453918,0.9108485579490662,-1.0498716831207275
882,0.18184031546115875,0.9111462831497192,-1.0513243675231934
883,0.18121829628944397,0.9114431738853455,-1.0527780055999756
884,0.18059808015823364,0.9117395877838135,-1.0542340278625488
885,0.1799795925617218,0.9120347499847412,-1.0556888580322266
886,0.17936290800571442,0.9123290777206421,-1.0571444034576416
887,0.1787479966878891,0.9126229882240295,-1.0586028099060059
888,0.17813490331172943,0.9129155874252319,-1.0600595474243164
889,0.17752356827259064,0.9132075309753418,-1.0615179538726807
890,0.1769140660762787,0.9134986996650696,-1.0629773139953613
891,0.17630629241466522,0.9137896299362183,-1.0644404888153076
892,0.17570030689239502,0.9140793085098267,-1.0659022331237793
893,0.1750960648059845,0.9143681526184082,-1.0673646926879883
894,0.17449355125427246,0.9146561026573181,-1.068827509880066
895,0.17389285564422607,0.9149434566497803,-1.0702922344207764
896,0.1732938587665558,0.9152299165725708,-1.071757435798645
897,0.17269660532474518,0.9155156016349792,-1.0732234716415405
898,0.17210116982460022,0.9158005714416504,-1.074690818786621
899,0.17150741815567017,0.9160846471786499,-1.0761585235595703
900,0.170915424823761,0.916368305683136,-1.0776290893554688
901,0.17032510042190552,0.9166504144668579,-1.0790965557098389
902,0.1697366088628769,0.9169325828552246,-1.0805692672729492
903,0.16914977133274078,0.9172132015228271,-1.0820388793945312
904,0.16856470704078674,0.917493462562561,-1.0835115909576416
905,0.16798129677772522,0.9177728295326233,-1.0849846601486206
906,0.16739967465400696,0.9180514812469482,-1.0864589214324951
907,0.1668197214603424,0.9183294177055359,-1.0879343748092651
908,0.16624148190021515,0.9186063408851624,-1.0894094705581665
909,0.1656648963689804,0.9188826084136963,-1.0908859968185425
910,0.16509011387825012,0.9191579222679138,-1.0923625230789185
911,0.16451695561408997,0.9194331765174866,-1.0938438177108765
912,0.1639455109834671,0.9197069406509399,-1.0953220129013062
913,0.16337567567825317,0.9199801683425903,-1.0968023538589478
914,0.1628076732158661,0.9202529191970825,-1.09828519821167
915,0.16224125027656555,0.9205241799354553,-1.0997649431228638
916,0.1616765409708023,0.9207953810691833,-1.1012494564056396
917,0.16111348569393158,0.9210652709007263,-1.1027318239212036
918,0.16055212914943695,0.9213352799415588,-1.1042200326919556
919,0.15999242663383484,0.921603262424469,-1.1057020425796509
920,0.15943433344364166,0.9218713045120239,-1.107189416885376
921,0.15887798368930817,0.9221384525299072,-1.1086769104003906
922,0.1583232432603836,0.9224046468734741,-1.1101642847061157
923,0.15777015686035156,0.9226705431938171,-1.1116549968719482
924,0.15721872448921204,0.9229353666305542,-1.113144874572754
925,0.15666893124580383,0.9231994152069092,-1.1146354675292969
926,0.15612085163593292,0.9234631061553955,-1.1161291599273682
927,0.15557430684566498,0.9237255454063416,-1.1176209449768066
928,0.15502944588661194,0.9239875674247742,-1.1191153526306152
929,0.15448616445064545,0.924248218536377,-1.1206071376800537
930,0.15394450724124908,0.9245085716247559,-1.1221023797988892
931,0.15340451896190643,0.9247684478759766,-1.1236000061035156
932,0.15286614000797272,0.9250271916389465,-1.1250962018966675
933,0.15232941508293152,0.9252855181694031,-1.1265952587127686
934,0.1517942249774933,0.9255427718162537,-1.1280931234359741
935,0.15126070380210876,0.925799548625946,-1.1295934915542603
936,0.15072880685329437,0.9260556101799011,-1.1310948133468628
937,0.15019841492176056,0.926310658454895,-1.1325953006744385
938,0.14966969192028046,0.9265652298927307,-1.1340982913970947
939,0.1491425484418869,0.9268190860748291,-1.1356021165847778
940,0.1486169993877411,0.9270720481872559,-1.137105941772461
941,0.14809300005435944,0.9273239970207214,-1.1386089324951172
942,0.14757061004638672,0.9275760054588318,-1.1401175260543823
943,0.14704978466033936,0.9278265237808228,-1.1416224241256714
944,0.14653058350086212,0.9280766248703003,-1.1431299448013306
945,0.14601290225982666,0.9283260703086853,-1.1446387767791748
946,0.14549683034420013,0.9285746812820435,-1.1461478471755981
947,0.14498227834701538,0.9288225769996643,-1.1476577520370483
948,0.14446930587291718,0.9290699362754822,-1.149169683456421
949,0.14395789802074432,0.9293162226676941,-1.1506803035736084
950,0.14344801008701324,0.9295620322227478,-1.1521931886672974
951,0.1429397165775299,0.9298073053359985,-1.1537081003189087
952,0.14243294298648834,0.9300515055656433,-1.1552215814590454
953,0.14192776381969452,0.9302951097488403,-1.1567367315292358
954,0.1414240598678589,0.9305378198623657,-1.1582516431808472
955,0.140921950340271,0.9307800531387329,-1.1597687005996704
956,0.1404213160276413,0.9310215711593628,-1.16128671169281
957,0.13992224633693695,0.9312625527381897,-1.1628066301345825
958,0.13942469656467438,0.9315022230148315,-1.1643235683441162
959,0.13892866671085358,0.9317421317100525,-1.1658473014831543
960,0.13843423128128052,0.9319806694984436,-1.167367696762085
961,0.1379411518573761,0.9322186708450317,-1.1688898801803589
962,0.13744965195655823,0.9324555397033691,-1.1704102754592896
963,0.1369597166776657,0.9326924681663513,-1.1719363927841187
964,0.13647125661373138,0.9329281449317932,-1.1734596490859985
965,0.13598428666591644,0.9331634044647217,-1.174985647201538
966,0.13549883663654327,0.9333982467651367,-1.1765143871307373
967,0.13501481711864471,0.9336317181587219,-1.1780394315719604
968,0.1345324069261551,0.9338650703430176,-1.179569125175476
969,0.1340513527393341,0.9340971112251282,-1.1810956001281738
970,0.13357189297676086,0.9343295097351074,-1.1826297044754028
971,0.13309378921985626,0.9345600008964539,-1.1841566562652588
972,0.1326173096895218,0.9347906112670898,-1.185689926147461
973,0.13214220106601715,0.9350200891494751,-1.1872209310531616
974,0.13166862726211548,0.9352495074272156,-1.1887569427490234
975,0.13119648396968842,0.9354773163795471,-1.1902875900268555
976,0.13072580099105835,0.9357053637504578,-1.191825270652771
977,0.13025659322738647,0.9359323382377625,-1.1933611631393433
978,0.12978880107402802,0.9361584782600403,-1.1948968172073364
979,0.12932249903678894,0.936384379863739,-1.1964362859725952
980,0.12885762751102448,0.9366090893745422,-1.1979730129241943
981,0.1283942312002182,0.9368329048156738,-1.1995091438293457
982,0.12793222069740295,0.9370565414428711,-1.2010494470596313
983,0.12747175991535187,0.937279462814331,-1.2025902271270752
984,0.12701267004013062,0.9375019073486328,-1.2041332721710205
985,0.12655498087406158,0.9377230405807495,-1.2056726217269897
986,0.12609878182411194,0.937944233417511,-1.207217812538147
987,0.12564396858215332,0.9381647706031799,-1.2087640762329102
988,0.1251905858516693,0.9383841753005981,-1.2103077173233032
989,0.1247386559844017,0.9386031627655029,-1.2118539810180664
990,0.12428803741931915,0.9388211965560913,-1.213399052619934
991,0.12383894622325897,0.9390389323234558,-1.2149474620819092
992,0.12339123338460922,0.9392560124397278,-1.2164967060089111
993,0.1229448989033699,0.939471960067749,-1.2180434465408325
994,0.12250003963708878,0.9396881461143494,-1.219597339630127
995,0.12205648422241211,0.939902663230896,-1.2211447954177856
996,0.12161435931921005,0.9401169419288635,-1.22269606590271
997,0.12117365747690201,0.9403311014175415,-1.2242519855499268
998,0.1207343116402626,0.9405439496040344,-1.2258039712905884
999,0.12029638886451721,0.9407562017440796,-1.2273571491241455
1000,0.11985982209444046,0.9409680366516113,-1.2289128303527832
1001,0.11942459642887115,0.9411788582801819,-1.230466604232788
1002,0.11899078637361526,0.9413893818855286,-1.2320237159729004
1003,0.1185583770275116,0.941599428653717,-1.233582854270935
1004,0.1181272640824318,0.9418082237243652,-1.2351384162902832
1005,0.11769761890172958,0.9420167207717896,-1.2366971969604492
1006,0.11726926267147064,0.9422246217727661,-1.2382571697235107
1007,0.11684227734804153,0.9424322247505188,-1.2398205995559692
1008,0.11641666293144226,0.9426386952400208,-1.2413809299468994
1009,0.11599241197109222,0.9428448677062988,-1.2429447174072266
1010,0.11556946486234665,0.9430500864982605,-1.2445069551467896
1011,0.1151478961110115,0.9432550072669983,-1.2460724115371704
1012,0.114727683365345,0.9434589147567749,-1.247635841369629
1013,0.11430873721837997,0.9436621069908142,-1.249199390411377
1014,0.11389122903347015,0.9438652396202087,-1.2507681846618652
1015,0.113475002348423,0.9440673589706421,-1.252334713935852
1016,0.1130601018667221,0.9442688226699829,-1.2539018392562866
1017,0.11264655739068985,0.9444700479507446,-1.2554726600646973
1018,0.11223429441452026,0.9446699619293213,-1.2570390701293945
1019,0.11182337999343872,0.944870114326477,-1.258612871170044
1020,0.11141377687454224,0.9450690746307373,-1.2601830959320068
1021,0.11100548505783081,0.9452676177024841,-1.2617557048797607
1022,0.11059845238924026,0.9454649686813354,-1.2633243799209595
1023,0.11019282788038254,0.9456624984741211,-1.2649003267288208
1024,0.10978841781616211,0.9458587765693665,-1.2664719820022583
1025,0.10938538610935211,0.9460554122924805,-1.268052101135254
1026,0.10898362100124359,0.9462505578994751,-1.2696260213851929
1027,0.10858312994241714,0.9464451670646667,-1.2712013721466064
1028,0.10818392038345337,0.9466392993927002,-1.2727785110473633
1029,0.10778601467609406,0.9468330144882202,-1.2743579149246216
1030,0.10738945007324219,0.9470259547233582,-1.2759368419647217
1031,0.10699410736560822,0.9472187757492065,-1.2775205373764038
1032,0.10660003125667572,0.947409987449646,-1.2790967226028442
1033,0.10620726644992828,0.947601318359375,-1.2806795835494995
1034,0.10581579059362411,0.9477917551994324,-1.2822608947753906
1035,0.10542555898427963,0.9479819536209106,-1.2838460206985474
1036,0.10503657162189484,0.9481711983680725,-1.2854288816452026
1037,0.10464885830879211,0.9483601450920105,-1.2870149612426758
1038,0.10426240414381027,0.9485484957695007,-1.2886018753051758
1039,0.10387726128101349,0.9487361907958984,-1.2901891469955444
1040,0.103493332862854,0.9489226937294006,-1.2917720079421997
1041,0.10311056673526764,0.9491087198257446,-1.2933566570281982
1042,0.10272916406393051,0.9492950439453125,-1.2949495315551758
1043,0.1023489385843277,0.9494800567626953,-1.296537160873413
1044,0.10196999460458755,0.9496648907661438,-1.2981289625167847
1045,0.10159226506948471,0.9498487710952759,-1.2997183799743652
1046,0.10121580958366394,0.950032114982605,-1.3013089895248413
1047,0.10084052383899689,0.9502151608467102,-1.3029029369354248
1048,0.10046655684709549,0.9503973722457886,-1.3044953346252441
1049,0.10009369999170303,0.950579047203064,-1.306088924407959
1050,0.09972213953733444,0.9507604837417603,-1.30768620967865
1051,0.09935179352760315,0.9509409666061401,-1.3092809915542603
1052,0.09898263961076736,0.9511208534240723,-1.3108763694763184
1053,0.09861467033624649,0.9513000845909119,-1.3124717473983765
1054,0.09824797511100769,0.9514793157577515,-1.314073085784912
1055,0.09788250923156738,0.951657772064209,-1.3156733512878418
1056,0.0975181832909584,0.9518353939056396,-1.3172719478607178
1057,0.09715500473976135,0.952012300491333,-1.3188700675964355
1058,0.09679313749074936,0.9521889686584473,-1.3204718828201294
1059,0.09643234312534332,0.9523647427558899,-1.3220714330673218
1060,0.09607289731502533,0.952540397644043,-1.3236758708953857
1061,0.09571456164121628,0.952715277671814,-1.3252791166305542
1062,0.09535741060972214,0.9528899788856506,-1.3268866539001465
1063,0.09500142186880112,0.9530633687973022,-1.3284881114959717
1064,0.09464658051729202,0.9532362818717957,-1.3300909996032715
1065,0.09429299831390381,0.9534090161323547,-1.3316980600357056
1066,0.09394056349992752,0.9535815119743347,-1.3333090543746948
1067,0.09358923882246017,0.9537524580955505,-1.3349113464355469
1068,0.09323915094137192,0.9539235830307007,-1.3365212678909302
1069,0.0928901955485344,0.9540941715240479,-1.3381321430206299
1070,0.09254242479801178,0.9542638063430786,-1.3397400379180908
1071,0.0921957716345787,0.954433023929596,-1.3413498401641846
1072,0.09185031056404114,0.9546018838882446,-1.3429621458053589
1073,0.0915060043334961,0.9547703266143799,-1.3445765972137451
1074,0.09116283059120178,0.9549379348754883,-1.3461889028549194
1075,0.09082084149122238,0.9551051259040833,-1.3478032350540161
1076,0.09047990292310715,0.9552716016769409,-1.3494166135787964
1077,0.090140201151371,0.9554380178451538,-1.351035475730896
1078,0.08980156481266022,0.9556033611297607,-1.3526499271392822
1079,0.08946406096220016,0.9557681679725647,-1.3542650938034058
1080,0.08912774920463562,0.9559323787689209,-1.3558803796768188
1081,0.08879251033067703,0.9560961127281189,-1.357496976852417
1082,0.08845844119787216,0.9562599062919617,-1.35912024974823
1083,0.08812545984983444,0.9564222693443298,-1.3607354164123535
1084,0.08779363334178925,0.9565848112106323,-1.3623583316802979
1085,0.08746285736560822,0.9567462801933289,-1.3639764785766602
1086,0.08713328838348389,0.9569078087806702,-1.3656014204025269
1087,0.08680477738380432,0.9570686221122742,-1.367225170135498
1088,0.08647734671831131,0.9572287797927856,-1.3688483238220215
1089,0.08615103363990784,0.9573884606361389,-1.37047278881073
1090,0.08582580089569092,0.9575468301773071,-1.3720898628234863
1091,0.08550175279378891,0.9577058553695679,-1.3737198114395142
1092,0.08517873287200928,0.9578639268875122,-1.3753459453582764
1093,0.08485683798789978,0.9580216407775879,-1.3769745826721191
1094,0.08453599363565445,0.9581790566444397,-1.3786062002182007
1095,0.08421624451875687,0.9583353400230408,-1.3802322149276733
1096,0.08389763534069061,0.9584912657737732,-1.3818604946136475
1097,0.08358006179332733,0.9586464762687683,-1.3834874629974365
1098,0.08326355367898941,0.9588016271591187,-1.385119915008545
1099,0.08294813334941864,0.9589558243751526,-1.3867484331130981
1100,0.08263378590345383,0.959109902381897,-1.388381838798523
1101,0.08232054114341736,0.9592633247375488,-1.390014410018921
1102,0.08200833201408386,0.9594162702560425,-1.3916480541229248
1103,0.08169716596603394,0.959568440914154,-1.3932795524597168
1104,0.08138707280158997,0.959720253944397,-1.3949133157730103
1105,0.08107808977365494,0.9598721861839294,-1.3965544700622559
1106,0.08077005296945572,0.9600223898887634,-1.3981832265853882
1107,0.08046314120292664,0.9601734280586243,-1.3998271226882935
1108,0.0801573246717453,0.960322916507721,-1.4014602899551392
1109,0.07985244691371918,0.9604721069335938,-1.403096318244934
1110,0.079548679292202,0.9606208205223083,-1.4047333002090454
1111,0.0792459174990654,0.9607691168785095,-1.4063719511032104
1112,0.07894424349069595,0.9609175324440002,-1.4080179929733276
1113,0.07864362001419067,0.9610647559165955,-1.4096571207046509
1114,0.0783439353108406,0.9612115621566772,-1.4112976789474487
1115,0.07804535329341888,0.9613582491874695,-1.4129432439804077
1116,0.07774777710437775,0.9615039825439453,-1.4145841598510742
1117,0.07745121419429779,0.9616489410400391,-1.4162226915359497
1118,0.07715566456317902,0.9617941379547119,-1.417870044708252
1119,0.0768611952662468,0.9619384407997131,-1.419513463973999
1120,0.07656766474246979,0.96208256483078,-1.4211610555648804
1121,0.07627516239881516,0.9622258543968201,-1.4228053092956543
1122,0.07598375529050827,0.9623690843582153,-1.424455165863037
1123,0.07569325715303421,0.9625115394592285,-1.4261023998260498
1124,0.07540373504161835,0.9626531600952148,-1.4277461767196655
1125,0.07511529326438904,0.9627946615219116,-1.4293947219848633
1126,0.07482785731554031,0.9629359841346741,-1.4310475587844849
1127,0.0745413526892662,0.9630762338638306,-1.4326939582824707
1128,0.07425591349601746,0.9632165431976318,-1.4343475103378296
1129,0.07397142797708511,0.9633565545082092,-1.4360036849975586
1130,0.07368794083595276,0.9634954929351807,-1.4376535415649414
1131,0.0734054371714592,0.9636340141296387,-1.4393045902252197
1132,0.07312388718128204,0.9637721180915833,-1.4409570693969727
1133,0.07284332066774368,0.9639096260070801,-1.4426085948944092
1134,0.07256381958723068,0.9640472531318665,-1.4442678689956665
1135,0.07228516042232513,0.9641838669776917,-1.4459213018417358
1136,0.07200755178928375,0.9643203616142273,-1.4475795030593872
1137,0.07173087447881699,0.9644560217857361,-1.4492340087890625
1138,0.0714552029967308,0.9645916223526001,-1.4508939981460571
1139,0.07118048518896103,0.9647265076637268,-1.4525514841079712
1140,0.07090672105550766,0.9648610353469849,-1.4542109966278076
1141,0.07063392549753189,0.9649948477745056,-1.4558680057525635
1142,0.07036201655864716,0.9651280045509338,-1.457523226737976
1143,0.07009117305278778,0.9652615189552307,-1.4591891765594482
1144,0.06982120126485825,0.965394139289856,-1.4608503580093384
1145,0.06955220550298691,0.9655260443687439,-1.4625089168548584
1146,0.06928414851427078,0.9656577110290527,-1.4641708135604858
1147,0.06901703029870987,0.965789258480072,-1.4658374786376953
1148,0.06875090301036835,0.965920090675354,-1.4675015211105347
1149,0.06848561018705368,0.9660500288009644,-1.469160556793213
1150,0.06822130084037781,0.9661800861358643,-1.4708274602890015
1151,0.06795794516801834,0.9663094878196716,-1.4724923372268677
1152,0.0676954910159111,0.9664385914802551,-1.474159836769104
1153,0.06743395328521729,0.9665670394897461,-1.4758251905441284
1154,0.06717338413000107,0.9666954874992371,-1.477496862411499
1155,0.06691373139619827,0.9668228030204773,-1.4791603088378906
1156,0.06665493547916412,0.9669501185417175,-1.4808300733566284
1157,0.06639710813760757,0.96707683801651,-1.4824984073638916
1158,0.06614014506340027,0.9672031998634338,-1.484168529510498
1159,0.06588417291641235,0.9673292636871338,-1.4858410358428955
1160,0.06562904268503189,0.9674544334411621,-1.4875081777572632
1161,0.06537483632564545,0.9675796627998352,-1.489182472229004
1162,0.06512151658535004,0.9677039980888367,-1.4908512830734253
1163,0.06486912071704865,0.967828094959259,-1.492523193359375
1164,0.06461766362190247,0.9679521322250366,-1.4942008256912231
1165,0.06436704099178314,0.9680753946304321,-1.4958744049072266
1166,0.06411728262901306,0.9681981205940247,-1.4975472688674927
1167,0.0638684555888176,0.9683204293251038,-1.4992207288742065
1168,0.06362056732177734,0.968442440032959,-1.5008965730667114
1169,0.06337349861860275,0.9685645699501038,-1.5025806427001953
1170,0.0631272941827774,0.9686854481697083,-1.5042537450790405
1171,0.06288200616836548,0.9688060283660889,-1.5059293508529663
1172,0.0626375675201416,0.9689264297485352,-1.5076088905334473
1173,0.06239405274391174,0.9690463542938232,-1.5092881917953491
1174,0.06215136870741844,0.9691655039787292,-1.5109632015228271
1175,0.06190953403711319,0.9692843556404114,-1.512640357017517
1176,0.06166861578822136,0.9694030284881592,-1.5143215656280518
1177,0.06142857298254967,0.9695214629173279,-1.5160058736801147
1178,0.06118938326835632,0.9696396589279175,-1.5176934003829956
1179,0.06095098331570625,0.9697562456130981,-1.519364356994629
1180,0.0607135035097599,0.9698736071586609,-1.5210528373718262
1181,0.06047685444355011,0.969990074634552,-1.5227351188659668
1182,0.06024106591939926,0.9701059460639954,-1.524415135383606
1183,0.06000610813498497,0.9702216386795044,-1.5260992050170898
1184,0.05977199971675873,0.9703369140625,-1.5277836322784424
1185,0.059538792818784714,0.9704523682594299,-1.5294773578643799
1186,0.059306368231773376,0.9705666303634644,-1.5311599969863892
1187,0.05907478556036949,0.9706805348396301,-1.5328439474105835
1188,0.058844078332185745,0.9707943797111511,-1.5345336198806763
1189,0.058614179491996765,0.9709076285362244,-1.536220908164978
1190,0.05838506668806076,0.9710203409194946,-1.5379067659378052
1191,0.05815688148140907,0.9711328148841858,-1.539595603942871
1192,0.05792944133281708,0.9712449908256531,-1.5412864685058594
1193,0.05770286172628403,0.9713568091392517,-1.5429786443710327
1194,0.05747711658477783,0.9714680910110474,-1.5446691513061523
1195,0.0572521947324276,0.9715788960456848,-1.5463590621948242
1196,0.05702803283929825,0.9716891050338745,-1.548046350479126
1197,0.05680473521351814,0.9717992544174194,-1.5497393608093262
1198,0.05658221244812012,0.9719088673591614,-1.5514307022094727
1199,0.05636056885123253,0.972018301486969,-1.5531259775161743
